,Confidence,text
0,0.8439,Grilling kabobs on the grill last night was amazing! I'm so glad this weather is finally  here.
1,0.6963,The slowest day ever !! And the weather makes it even worse !
2,0.8802,Fire Weather Watch issued May 17 at 4:21PM CDT expiring May 19 at 9:00PM CDT by NWS Lubbock... {link}
3,0.6897,Im going to lunch early today.   The weather is nice outside so Im going to enjoy #metime somewhere pleasant :)
4,0.6153,Weekend Weather Causes Delays In I-270 Bridge Work  {link}
5,0.6365,Passing out now.  working tonight. Storms today would be nice. Would be great sleeping weather. Mmmm
6,0.5582,US GAS: Warm-Weather Forecasts Lift Natural Gas Futures {link}
7,0.4132,@mention s friday at 6 at tha stadium ...if tha weather bad its gone be in tha gym at 3
8,0.7987,I hate this weather. Good day for a movie marathon though... Xmen! :D
9,0.5695,TGif biatches! Here's to a sunny Friday regardless of rain and drama! #popularnameregardlessofparticipation
10,0.9103,"@mention good crowd in Wrigley today, terrible weather. tell that redneck that just called in 2 check the Reds crowd on a Wed. day game"
11,0.5048,"RT @mention: ""The storm is only that which authenticates your path"" -- @mention"
12,0.6108,in the house washing clothes on this rainy day #BORED
13,0.8655,#WEATHER:  2:53 pm : 57.0F. Feels 56F. 30.10% Humidity. 6.9MPH Northwest Wind.
14,0.6533,Freezing cold Like always whoo buddy excited for tonight let's go #11in11
15,0.7387,...SHOWERS AND THUNDERSTORMS MOVING SLOWLY OVER THE AREA... AN AREA OF RAIN WITH EMBEDDED THUNDERSTORMS WILL DRIFT SLOW {link}
16,0.9293,It is hot out here but it feels great
17,0.7333,"@mention the software queries say two-three ""link degrees"" of the articles. (ie James Burke has the link Science Historian which has...)"
18,0.4299,RT @mention: Need that warm weather to come back
19,0.5476,"I want the sunshine back, please come back :)"
20,0.6564,I can't find a way to delete my iWitness Weather account but at least I've deleted ALL my photos on the site. (1 of which had 3K + views)
21,0.8497,Record LOW humidity in Phoenix today:  {link}
22,0.5621,"@mention If this is what Seattle is like, I'm not surprised somebody killed Rosie Larsen. Everybody must be surly. #TheKilling #Rain"
23,0.6511,@mention ditto I should have worn shorts today! Hello humidity!
24,0.7563,@mention oh nice! We're all the way here in sunny Burbank California!
25,0.4395,"@mention no, normal pajamas. it's not that cold out!"
26,0.6925,@mention Is any part of this storm system going to make it across the mountains/in to NC & SC?
27,0.841,@mention cherry slush
28,0.53,it's hot  as #Truck outside
29,0.6946,WZTV FOX17 :: Weather {link}
30,0.6876,"RT @mention: Tim Minchin Storm' rant animated using Adobe After Effects, Flash, Photoshop & a Wacom Cintiq - {link}"
31,0.7159,"Hi from sunny Boston. Weather is fine, wish you were here... (@ Joe's American Bar & Grill w/ 2 others) {link}"
32,0.6355,"I can't wait until tomorrow night so that when I'm still alive, I'll tweet up a storm, ""world ends on Saturday"" my ass"
33,0.4882,"In Florida, the hotter it is outside, the colder it is inside. Freezing at my desk today."
34,0.5628,@mention Bonjour Snow Patrol are great but getting samey. Try this! What do u think?  {link}
35,0.5242,"""Oh rainy day, come 'round. Sometimes I just want it to slow down."" #coldplay"
36,0.4,"@mention yeah, i'm talking, you see these pics of the river up on the rocks, as opposed to storm conditions"
37,0.5658,@mention Looking forward to your show tonight in Salt Lake City. The weather is supposed to be great. Hopefully you'll toss me a pick
38,0.4937,Just arrived at Garrett- 55 degrees- going to be a cool night.
39,0.8468,RT @mention: Strongest storm now crossing Natcher Parkway south of Masonville & moving into northern Ohio County. #tristatewx
40,0.8027,@mention We can finally compete with your weather in FL! Sunny & 70 here in Chicago today!
41,0.4114,"I'm gonna take a bath and read. I planned to make pasta puttanesca for dinner, but the weather is making me want Chipotle Chicken Chowder."
42,0.5682,For details about 2 Person Hot Tubs check out his latest web site about Hot Tub Chemicals. Posted in Spa and Med... {link}
43,0.8541,"Thunderstorm Light Drizzle in Vicinity and 68 F at Jacksonville Municipal Airport, IL Winds are from the South at 13.8  {link}"
44,1.0,".@mention & I just finished an hour jog on the Bosque. A little windy, but otherwise a beautiful day. It's about time! C'mon SUMMER!"
45,0.7946,eww its 81% humidity  today :I
46,0.4306,"Nothing says ""Happy Cinco de Mayo!"" like an AP test and a rainy day. #fail"
47,0.5743,@mention storm? Be safe! The weather has been crazy lately!
48,0.8265,"Its super awful here in OK, the weather is soo moody."
49,0.5082,If you got on walmart snow boots in yo twitcon #sityoassdown. You are not badd.
50,0.8290000000000001,Severe Thunderstorm Warning issued May 19 at 3:40PM MDT expiring May 19 at 4:30PM MDT by NWS Boulder {link}.... {link}
51,0.6462,Catch The Fish Folks tomorrow at the Weds Downtown Farmers' Market 4-7.  Weather will be great - Copper River Sockeye salmon at great...
52,0.6608,"Tornado season really is nvr over. If its a severe thunderstorm, a tornado can form RT @mention How long is (cont) {link}"
53,0.6328,@mention @mention @mention it's just something to do and really storm? You don't know what a wet dream?
54,0.7959999999999999,It's fuckin hot out
55,0.5461,"After being told no pink for decades USDA now says cooked pork can be pink, @ 145 degrees not 160. Next will they admit alien UFO's are real"
56,0.4097,Sunshine parks and new hair scarves make life not so bad when @mention stays up all night.
57,0.5626,#Today's #Cubs-#Giants game has been postponed due to the forecast for inclement weather & poor conditions throughout the day.
58,0.7497,"RT @mention: Severe Thunderstorm Warning for Dakota, Goodhue, Rice and Steele County in MN until 2:30pm. More: {link} & o ..."
59,0.8244,#WEATHER:  3:53 am : 57.0F. Feels 55F. 29.98% Humidity. 10.4MPH North Wind.
60,0.7973,"Clouds & Showers East, Sunny & Dry Elsewhere {link}"
61,0.7906,RT @mention: This kind of weather makes me want to go swimming.
62,0.4416,Blog Post: The Weather Man is Killling Golf! - {link}
63,0.8484,Mmmmmm warm sunny afternoon on a patio! (@ The Tavern Tech Center) {link}
64,0.8734,it's a nice day in LA. sunny :)
65,0.5959,Rainy Summer featured my #vintage shoes {link} via @mention
66,0.6603,"@mention delicious! Lol I have been waiting for this 70 degrees for oh...8 months! No joke. I've been out being a real ""dirty girl"" lol"
67,0.6748,It's 66 fucking degrees muthafucker it's hot... Time to get half naked :)
68,0.5436,It honestly sounds more like Florida weather RT @mention: @mention never been to Texas to compare. P.S. its sunny again lol
69,0.5285,@mention Hint: It's windy. Nowhere super fun just yet...
70,0.406,This cold weather got me ready to lay up wit someone else's girlfriend.. #DontJudgeMe
71,0.4842,@mention At least it ain't snow!
72,0.753,I favorited a @mention video {link} Keep On The Sunny Side - June Carter Cash
73,0.8972,Sunshine!
74,0.4391,@mention Hi Monali! Nice to meet you! I'm SUPER jealous of your profile picture..sure beats the rainy weather in DC!
75,0.4704,What's with all the rainy weber?
76,0.4351,Thinking the cloudy super cool weather is making me xtra sleepy 2day
77,0.7272,LIVE COVERAGE: Weather delays Amgen start until 1:15 pm {link}
78,0.619,I am freezing! I wanna cuddle (:
79,0.6336,"""@mention: @mention awwww sounds sad lol its always hot there so yaw need a break anyway""--that's not fair, I want nice weather lol"
80,0.9028,"Thunderstorms today, high 69 (21 C)."
81,0.6749,Eat yourheart out too!i'm @ the vacation house.Nice weather&beautiful sight.Nothing like this in SG. ;p @mention  {link}
82,0.5529,Probably Bad News: Anything For a Blizzard: Probably Bad News: Anything For a Blizzard Submitted by: Unknown Epi... {link}
83,0.741,@mention TC: loved the new Fresh Air (#16). Currently flying to warmer weather and the chilled out beats were perfect. Keep it up!
84,0.7257,"RT @mention: WINTER STORM WARNINGS for CO and MT for SNOW 6 - 12 inches
{link}
#weather #news #snomg #blizzard #wx"
85,0.9598,I love the weather in PHX right now!!
86,0.7194,This weather keeps me under the covers.
87,0.5813,@mention paid work is all good :0) Hopefully we'll have lots of sunshine for you to enjoy too xx
88,0.5751,"@mention There might be some snow up in the mountains, buh I live in the city so no snow here :)"
89,0.3222,"@mention It cld be 4 degrees and yu wld have me outside in shorts, lol... #JustCrazy!"
90,0.7261,Mad windy for no reason
91,0.8547,Spending the afternoon downtown with the family walking around the Canal and enjoying the beautiful weather #nomorerain
92,0.7225,It is literally pissing it down in sideways rain. I have nothing to protect me from this monstrous weather.
93,0.612,"@mention I gotta say, you are so stunning. I've been working out for the last few months and im trying to get my hot body too xoxo"
94,0.2967,In the Heart of the Summer we Need a Snow Plow !
95,0.6692,6 degrees of separation
96,0.4298,@mention lol at Gary saying it to Storm. Hope the subtitles work for Celebrity Juice at 11pm....
97,0.6649,@mention I love thunderstorms too but I couldn't stay in bed all day and enjoy it
98,0.743,It's cold as hell outside and they in the pool kickin it o_O
99,0.6278,"Check it out!! RT @mention: I posted 46 photos on Facebook in the album ""Storm Damage"" {link}"
100,0.4842,Um I would like a powerade slush. Thank you. RT @mention: finna be on this #HappyHour flow at Sonic #yesyes
101,0.8943,Horrible wet morning.....bring back the sunshine!
102,0.4702,Da thangs I wud do to sunny anderson #sheesh
103,0.4816,@mention rrrrriiight who yu tellin idk weather to be mad or cry -__-
104,0.3735,"If you're in need of any huge logs or branches, there are plenty floating in the Yellowstone River right now. #rain #flooding #Billings"
105,0.8713,"News - Current Conditions : 64.4F, Heavy Thunderstorms and Rain - 7:07 PM EDT May. 16: Temperat... {link} #News #Greensboro"
106,0.6108,RT @mention: Looks like t-storm with 60+ mph winds within 30 minutes of downtown #joplin
107,0.3445,"BTW, SkyWarn training last night rocked!  I'm certified!  :0)  Let the storm spotting begin!"
108,0.436,Palm Beach County Commission cites Sunshine Law concerns for dumping committee of local leaders.{link}
109,0.9573,#WEATHER:  6:52 am : 63.0F. Feels F. 29.65% Humidity. 0.0MPH North Wind.
110,0.8591,#WEATHER: 2:55 pm E: 75.0F. Feels F. 29.96% Humidity. 3.5MPH Northwest Wind.
111,0.8276,FINALLY! The temp outside is over 70.
112,0.3714,RT @mention: Congrats OKC is trending. What should be trending is #WatchoutMavs there's about to be a Thunderstorm in Dallas!
113,0.4746,RT @mention: Freezing! O.o WeLoveSwift
114,0.5077,"Monday mornings, sunshine and planning ahead: Do you plan for the week ahead on Monday morning o... {link} (Via @mention)"
115,0.3228,"@mention i'm not laughing at you storm and i don't think it's ignorance, just innocence"
116,0.7135,Out walking enjoying the sunshine...NOT!
117,0.5437,"@mention Hi Five! I love Snow Patrol, so this is right up my street. I have it on repeat! {link}"
118,0.4887,-_- To them doin these twitter bio's for the people gettin they doctorate degrees. Im tryna leave today sir
119,0.3852,"Even when the rain falls, even when the flood stops rising, even when the storm comes, I am washed by the water."
120,0.493,RT @mention: I think those American nutters must have misinterpreted a bad weather forecast #rapture
121,0.6136,@mention Keek! I love a bit of Snow Patrol! Have this band on now tho.  It's been on repeat since I heard it.  {link}
122,0.5092,Memphis weather is so bipolar!!!
123,0.8389,@mention you are welcome! doing great-except sooo tired of this weather! how about you!?
124,0.7726,so sunny and beautiful in Tulsa right now. I decided to spend sometime outside the office and work on my tan.   :)
125,0.4389,Morning sunshine.
126,0.3256,RT @mention: It'll be sunny again by time you land RT @mention: Every time I think about going back to Portland it starts ra ...
127,0.371,it's 80 degrees for what?
128,0.3604,@mention why didn't Brian say anythng on the weather segment?
129,0.5755,Now Playing on BaltimoreNetRadio: EDDIE RABBIT - I Love A Rainy Night
130,0.465,"Lance Berkman with a snow cone diving catch, yeah it happened"
131,0.3077,"RT @mention: According to the weather on @mention 's phone, every day is going to be a muffin.  {link}"
132,0.4478,RT @mention: Miami weather is just like Charlie Sheen.. Bi-polar!
133,0.4072,"Poured a cup of hot sepia coffee in a wisteria flowered mug, dandelion sunshine spilling through the periwinkle sky."
134,0.8231,Freezing my butt off. (@ Long Sands Beach) {link}
135,0.8162,Wonderfully sunny day at Edmond's Art festival  #thelandofperfect
136,0.9636,Waking up to beautiful weather- what a great day it will be!
137,0.8842,"Helloooo, Sunshine!"
138,0.664,My room is freezing :/ or im jus too cold :S
139,0.6474,"@mention yeah at times it's so hard to tell who's in the lifestyle, but then when you find out it's like duh should have known. she hot?"
140,0.7155,Heavy Dust Storm Blankets Parts Of Chandler: A good sized dust storm blew through the east valley blanketing par... {link}
141,0.9302,#WEATHER:  1:53 am : 61.0F. Feels 58F. 29.75% Humidity. 18.4MPH West Wind.
142,0.473,#C4IforHumanity: Extreme Weather - North-America - USA {link}
143,0.442,Bear River's Quest for a 4-Peat Begins Saturday {link} - #snow #utah
144,0.4098,@mention I am too haha it's kinda hot out though
145,0.5413,"If a storm picks up, lean into the wind instead of turning away from it if you want to keep balance"
146,0.626,Stay safe all! RT @mention: New event. Severe Thunderstorm Watch from to 11:00 PM EDT for @mention {link}
147,0.7447,pretty much addicted to Storm Warning right now...amazing song :)
148,0.5182,"@mention just cause there's a #shitstorm at Colby, you make my sunshine! Love you"
149,0.3049,Love my new jewelry books from Powell's. Much needed inspiration on a rainy Monday.
150,0.831,Had a great weekend thanks to the sunny weather. Now I have to sit inside for 8 hours at work. Boo!
151,0.3844,Jeff Will Miss Oprah & Gives Her A Shout Out The Only Way A Weatherman  Could!!! 7day Forecast. #Oprah | {link} via @mention
152,0.6827,@mention hahaha...tell Slush we are gonna win it next year!
153,0.7994,In the 'BU (Malibu) showing leases. The weather is perfect! Click 4 pic&gt; {link}
154,0.4601,"@mention haha ASU has an amazing honors program, that's the only reason I want to go there. And i can't stand snow Dx"
155,0.5672,Free Blizzard!! {link}
156,0.4378,"Just a heads up to everyone, weather is crazy everywhere, not just where u live. I thought I needed to clear that up."
157,0.8540000000000001,"Weather data at 06:30 AM. 42.5&#xB0;F, 92&#x25; humidity. Wind: 0.0 mph from the N. Rain: 0.00 in. NO CURRENT ADVISORIES"
158,0.6768,Im not complaining but it's FREEZING in my room!
159,0.9155,hot weather puts me in a bad mood .
160,0.4151,hope this night is rainy night ^^
161,0.5046,Northern IN likely to go under a weather watch per SPC soon...details to come.
162,0.7417,@mention How about Metal Storm & Wasp Knife for MW3??? {link} {link} #AwesomeWeapons #MW3
163,0.6974,@mention unfortunately the same here (Sunny skies).  really need some rain.Too much sun can be as depressing as too much rain. #pubwrite
164,0.3367,"RT @mention: Don't try to stop the storm,just wait with patience and faith until the storm pass away and the rainbow come to bright your  ..."
165,0.7462,I'm freezing on this stupid bus
166,0.3686,@mention unfortunately this wife doesn't come with a log of firewood for those chilly nights.
167,0.6447,"@mention I'm not related to him, but I know him from storm spotting for my county."
168,0.9335,"RT @mention: Tatum, NM @ 8:00 PM: Temp:75F(H 84/L 45), Hum:30&#x25;, DewPt:42F, Wind: SE at 17 G 27.0 mph, Rain:0.00 In. #weather"
169,0.823,"RT @mention: Cinderella, Snow White, and Sleeping Beauty are all gonna be pretty ticked when they find out they all married Prin ..."
170,0.721,Freezing. Cuddling...alone :(
171,0.7753,#WEATHER: 4:53 pm C: 84.0F. Feels F. 29.87% Humidity. 9.2MPH South Wind.
172,0.8203,Omg storm and hail please go away so I can catch my flight home!! #ihatestorms
173,0.7667,Militants storm Pakistani naval base in Karachi \n    (AP)\n: AP - Islamist militants stormed a naval base in t... {link}
174,0.7255,watching 180 degrees south again. I can't get enough of this movie.
175,0.4896,"RT @mention: Hot day in Moab today, went to Arches National Park but wife and kids petered out after a 2mi hike. Definitely have to come  ..."
176,0.7818,Slush explosion date with steph #bonding
177,0.6697,"Severe Storm Damage In Southeast Wisconsin: At the height of Sunday's severe storms, thousands lost power in... {link}"
178,0.6806,#NMFire #NMwx Fire Weather Watch issued May 21 at 1:28PM MDT expiring May 23 at 9:00PM MDT by NWS Albuquerque... {link}
179,0.7236,I hate this bi-polar weather in san Antonio
180,0.4462,"@mention shhhh, just cum to the philippines where it's sunny and shitty everyday"
181,0.2869,@mention Here's hoping. :)  How's the weather there?  Did any of those toofans hit you a couple weeks back?
182,0.8527,"Severe Thunderstorm Warning for Choctaw, Montgomery, and Webster County in MS until 7:45pm. {link} #mswx"
183,0.4024,Polo boots in 80 degree weather #fail
184,0.4361,the weather didnt scare me away from the stores tonight!
185,0.73,"Dear #sanfrancisco, this weather blows. Rain? In may? Um no thank you. Please, get it together. Thanks"
186,0.6145,RT @mention: Damn this thunder storm kame out of No where
187,0.8701,@mention it won't last too long...the storm that is.. :) nice & sunny in my neck of the woods..
188,0.7139,Is Hot As Hell Outside Today In Da City Of #Decatur
189,0.4315,@mention you will be missed. Hope weather is ok
190,0.4788,Just in! Joe's Provacateur petite bootcut in the Hannah wash. Perfect for warmer weather! {link}
191,0.4811,"For storm and flood water repair, call NextGen Restoration experts. {link}"
192,0.4074,I woke up to a beautiful ball of red coming over the horizon...oh where art thou ball of sunshine so enjoy having your around
193,0.6721,Follow @mention @mention @mention #Glee #Herecomestheboom #sunshine @mention!!
194,0.5127,@mention It's sunny here too. And it's closer! :D
195,0.36700000000000005,RT @mention: You know the old saying: April showers bring May severe thunderstorms.
196,0.8039,RT @mention: The 3rd world war hasn't even happened yet... and the crazy weather is from Earth changing and possibly from H.A.A.R. ...
197,0.5055,@mention LISTEN TO ON RAINY DAYS
198,0.7985,"Grateful for the sunny, warm weather. Perfect stroll on the beach with @mention. Photo: {link} #cannonbeach #getaway"
199,0.7599,Gov. Bentley: 238 storm related fatalities in Alabama {link}
200,0.4339,"@mention They're cheeping up a storm, and he has that ""Where is your mother?!"" look.  LOL"
201,0.5431,I been freezing but didn't wana get up to fool with the air #lazytweet
202,0.6696,"B MY Sunshine - Nonprofit; To improve the environment of Special Needs Individuals, through there senses: touch, hear, smell and sight!!!"
203,0.4252,"Ok so its like 78 degrees, he has on some timbos, shorts with an full length leather coat.. Wow, #damshame."
204,0.3502,"""MARY WHITE"" always be fogged out even wen its a bright sunny day"
205,0.7451,RT @mention: RT @mention: U.S. National Severe Weather Alerts Map - WeatherBug.com {link}
206,0.6899,Nature's Sunshine Products Reports First Quarter Financial Results {link}
207,0.8872,The gas and this weather need to get off that bull shit lol
208,0.687,7:30 final and its like 95 degrees. I can't take the biggest exam of the year under these conditions. #stupidhot
209,0.5263,@mention Yeah I was sick recently too. It's probably the weather or something.
210,0.5686,VIDEO: Hay fever surges in UK heatwave {link}
211,0.457,We have been Busy collecting Wal Mart Gift Cards Via Pay Pal to Give to Tornado and Storm Victims to Present to... {link}
212,0.4224,watching enter the dragon on this rainy rainy night then off to sleep
213,0.4621,"Could really go for some chocolate, a blanket, some music, and a big bay window right now. #rain"
214,0.6958,"Turned on TV here at the hotel, immediately see meteorologists watching #Wx around Kansas. Glad it was nice weather when I landed here."
215,0.9282,"Friday, sunny and awesome out in Chicago. Happy weekend, Superfans!"
216,0.5597,"""LIKE"" our brand new Northwest Weather Podcast page!  Mark and Brian are recording their 4th episode today.  You... {link}"
217,0.8258,"RT @mention: Weather spotters report #tornado moving toward Joplin, Missouri, at 45 mph {link}"
218,0.9263,I actually like the #rain... Only because my umbrella is too cool... #zebraprint!
219,0.7703,So its freezing as shit this morning and my brothers mew roommate left open the windows. smooth.
220,0.7409,"Gardner WX 05/17/11 07:00 AM | 44F, 65&#x25; Humidity, Feels Like 44F | Alerts: NO CURRENT ADVISORIES | {link}"
221,0.7375,"Listening to KFOR-TV via Weather Channel -- they are reporting tornado is 1/2 mile wide, debris 1.5 miles around tornado"
222,0.486,Watch KNWA now. Dan Skoff & Clint Boone are tracking severe weather in Benton County. Possible tornadoes may be brewing
223,0.5143,RT @mention: they just interrupted the emergency weather program with another emergency weather warning. TAKING OUR ASSES TO THE BATH ...
224,0.7785,Why has the weather sucked so bad lately? A hurricane isn't gonna stop me from getting my swag on.
225,0.6701,Love this Iowa weather that goes from warm and sunny to rainy and lightening in less than 2 seconds:):):)
226,0.4114,It WAS going to be sunny and 80 degrees in #Boston today (that's what they said just a few days ago.) How's  58 and rain? #enoughisenough
227,0.7439,78.1F (Feels: 78.1F) - Humidity: 87% - Wind: 9.2mph NE - Gust: 13.0mph - Pressure: 1008.7mb (+0.5)  #weather {link}
228,0.7221,"Happy Mothers Day, enjoy the sunshine, now... looking forward to Fathers Day."
229,0.4686,Headed to Maker Faire this weekend.  Weather's supposed to be nice: partly cloudy with a small chance of DOOOOOM.
230,0.8857,Imma chef and imma cook up a storm in the morning
231,0.8179,Looks like rain. For ever. #weather {link}
232,0.5936,@mention fine bout to go this interview. How's the weather there???
233,0.6731,Just seen this toyota commercial and im thinking why would a truck have to go thru almost 300 degrees?
234,0.6146,"RT @mention: Just turned 26 today, no kids, 2 degrees, grad school, good health, GOD IS REAL"
235,0.6998,"Needless to say, it is scorching out. I am still hot and I have been back inside for quite some time now."
236,0.6828,"Oh, and I've been informed that I am Belle. Well, I am also, at times, Snow White."
237,0.7029,@mention cant believe about the weather either! But I'll take it :)
238,0.7732,"Tuesday's Hourly Wx for St. Mary's County:
* 7AM: Rain. 62*F.
* 12PM: Rain. 68*F.
* 3PM: Thunderstorms. 71*F."
239,0.7338,Gosh the scanner is active this morning. Is everyone misbehaving because the sunny weather went away?
240,0.8526,Severe Thunderstorm Warning for Camden and Miller County until 2:00pm. #MidMoWx
241,0.7724,What Produces Pippa's Perfect Posterior? Find out the Secret! Plus: New Pics Of Pippa Looking Hot In Tight Jeans: {link}
242,0.4197,"HUGE thunderstorm this morning! Rain..lots of it..(FINALLY) thunder, lightning.. the works.. Texas knows how to have a storm!"
243,0.5569,I just realized that I am probly the only person dumb enough to be Tweeting @mention IMDB info while stuck outside in a hail storm Lol
244,0.7195,"RT @mention: Learn more about CMC's new bachelor's degrees tonight in Edwards: 5:30-7pm! Sign up, learn more at {link} ..."
245,0.7918,@mention I agree! Beautiful view. Mine was just walking through Cap Hill but the sunshine made it a nice walk home. Hope it stays.
246,0.8243,I also need to know why it's 65 degrees out right now. Stooooopppp.
247,0.5645,"I'm at Turnpike S (Florida's Turnpike, Sunshine Parkway) {link}"
248,0.7955,Need some warm Cappuccino on this ugly rainy day. (@ 7-Eleven) {link}
249,0.4911,#arenafootball @mention @mention {link} TD Storm off net!
250,0.7174,"Sunny skies over by KC Library, Plaza branch. But ominous skies over Downtown KC. Sirens still ringing. {link}"
251,0.4592,"Freezing, wet, and still looking at rocks @mention @mention"
252,0.7005,"Hope everyone is having better weather than we are here in New England.  Ugh, hope it stops raining sometime soon."
253,0.5554,Discovery Kids Climate Cubes Weather Information Station - $12.99 + S&H {link}
254,0.4783,"Really, what is going on with this weather....Tent no tent......that is the question for all my brides right now......"
255,0.8822,"Gardner WX 05/12/11 06:00 AM | 58F, 86&#x25; Humidity, Feels Like 58F | Alerts: NO CURRENT ADVISORIES | {link}"
256,0.664,@mention congratulations sir! I will fight until I have more degrees than you. I shall not be defeated! One more week; can't wait. #Indy
257,0.6689,"Me and katilyn chatting up the movie, walk outside.. OMG. Sprint to car. We don't like thunder storms. #mature"
258,0.8855,"Outside: 51.4 F, Humidity: 92%, Wind: (317) 4 mph, Press: 29.80"", Rain: 0.15"
259,0.5731,Happy Birthday #LeeSoonkyu :] sunny!
260,0.8179,"Rest of Tonight
Partly cloudy until late night then becoming mostly clear. A
20 percent chance of showers and thunderstorms in the evening"
261,0.5462,"@mention today has just been a weird day all round. I would blame the weather, but, it just seems to easy."
262,0.6805,"It's on the windy side, but still in the 70's downtown #ColoradoSprings! Happy hour now until 6:00 pm at @mention"
263,0.4612,FYI: Otis Redding makes for some excellent sunny Sunday music...
264,0.9384,Graduate Degrees in Education {link}
265,0.4001,Buggin for only having a t shirt on...shaking like a stripper #freezing
266,0.6369,RT @mention: My room is freezing
267,0.9289,I have too much to do today -___- And the weather doesn't make it any better.
268,0.7548,72 degrees and sunny. Yeah it's  going to hell in a hat box
269,0.3036,@mention A cheers to #ACBW with @mention Blue Dot Double IPA. Bottled sunshine.
270,0.3982,Mother's Day Sunshine  {link}
271,0.7025,JC Blaze Storm: 4 - JC Blaze Cyclones: 0 |  Halftime | #StormSoccer
272,0.6592,I should've went to Colombia for the month at least they have beautiful weather
273,0.6874,Updated flood information with rain continuing....{link}/
274,0.3465,@mention where are you? save the young girl in the storm center she is out of her comfort zone.
275,0.6228,"@mention after seeing that I'm going to wash my eyes out with some nice boiling hot bleach now, thank you."
276,0.8121,Severe Thunderstorm Warning for Lancaster County in PA until 7:30pm EDT. #pawx
277,0.529,"RT @mention: Weather Geek alert... #NOAA shows La Nina weakening (Seattle peeps, looking good for summer!) {link}"
278,0.8328,Nice day enjoy the sun and good weather cause I really not in the mood to work...
279,0.5052,Another amazing Southern Hemisphere weather appropriate garment... {link}
280,0.8934,#WEATHER:  8:53 pm : 67.0F. Feels F. 29.82% Humidity. 6.9MPH Southeast Wind.
281,1.0,Loving this warm weather!
282,0.5388,"@mention I wanna go to the Caribbean , I wanna bring @mention and I wanna see some sunshine! #wannagobw"
283,0.7309,"Did it. Some folks saw me from above and were taken aback. Your left boot has a tiny leak, good thing the water was above 65 degrees."
284,0.5305,Where's the sunshine? I think Texas is calling my name! Time to move back home!
285,0.8329,RT @mention: I can't wait for the storm tonight :)
286,0.8072,"If tommorow is nice weather, that would be the first week all year with good weather every single day! &lt;3 it really is #spring"
287,0.588,This weather knocked everyone out
288,0.7006,Dem wolf grey 5's aint as clean as I thought they were gone be *shrugs* I know shaq got sum hot shit coming out..
289,0.8828,"Y looky here...da window is open 6 inches! It finally getting warmer outside..maybe 60 degrees now..IT""S ABOUT TIME! #whereisspring?"
290,0.9066,Omg it's so freaking freezing in this biiiiiiiiiitch!
291,0.5496,"So, I heard ""I told the storm"" on the way to church and almost cried! It made me think of my mama"
292,0.6212,NYC weather is so disrespectful this week
293,0.7589,playin 2k and j.crawford jus did his move #cold
294,0.7629,RT @mention: Listening to Sunshine Anderson typing a paper #CollegeDays // where has she been?
295,0.8353,@mention  loving this awesome Iowa weather!! suppose to be 91 tomorrow..they  say a record high
296,0.7521,"RT @mention: Horses have 16 muscles in each ear, allowing them to rotate their ears 180 degrees."
297,0.3317,@mention same here in the bluegrass! I could do w/o the humidity though! :-)
298,0.638,"Scattered showers, thunderstorms possible for Las Vegas {link}"
299,0.4968,Storm-Downed Tree Kills Twin Sisters: Twin sisters were were killed when severe storms blew through parts of the... {link}
300,0.4477,@mention It's supposed to go up to 70 today. Sunshine early. A slight chance for a shower or t-storm later. Going to my Aunt's house later.
301,0.5942,A storm with quarter-sized hail is making the situation in Joplin even tougher {link}
302,0.9306,"Call me crazy, but I am enjoying the cool weather. Because I know in a month or so it'll be 1065 degrees outside. #memphisheat"
303,0.8725,Chef Gelman of The Driskill joins us for a beer pairing duel against Chef Rob Snow of Judges' Hill Restaurant!!... {link}
304,0.507,Could go for a good #storm today.
305,0.4151,"Looks like sunshine all day. Although, I can't think of 1 outdoor concert in FL when it didn't rain. Bringing ponchos anyway #rockvillefest"
306,0.5722,The weather is getting hot again. *sigh*
307,0.9455,"Statesville, NC Weather - 2:00 PM- Fair Skies, Temp: 74.9, Wind: 3.6, Rain Today: 0.00"
308,0.9633,"@mention it was beautiful, thank you.  Great weather & everyone had fun!!  :)"
309,0.6928,@mention hows them weather in. hawaii
310,0.5147,"This took tumblr by storm two months ago, so naturally, I'm only just now seeing it. {link} Love it!"
311,0.8514,Special Weather Statement issued May 05 at 5:14PM CDT expiring May 05 at 6:15PM CDT by NWS Central Illinois... {link}
312,0.8745,Oh yeah forgot to say Today is my kinda weather #AllSmiles #Grateful
313,0.7885,"Severe Thunderstorm Warning for Fulton, Knox, and Peoria County in IL until 7:45pm CDT. #ilwx"
314,0.6661,"This mornin my kids were makin me crazy! Just now we found a dvd of them singin U R My Sunshine at ages 20 mos, 4 & 6 &lt;3 #myraptureplaylist"
315,0.4913,This week in NYC will mark the longest stretch of dry weather since February. #happymonday
316,0.8101,What a picture perfect day here in Coeur d'Alene!  Anyone else out enjoying the sunshine?
317,0.7907,Photo: weather forecast for the #Rapture {link}
318,0.5216,"Ran 5.9 miles in 52 mins and felt good. 46 degrees at the start of the run, with very little wind. My pre-run... {link}"
319,0.6053,"Day 2 DC: On the subway heading to the museums, weather is perfect, body not so much. This weeks walking is starting to kick my ass."
320,0.3865,Sunny day man #12 and #35
321,0.6324,GM all looking at another rainy week don't let it make you weak!!
322,0.8032,RT @mention: Beautiful weather brings every1 n their mama out SHEESH&lt;&lt; Tell one of dem moms to feed me!!
323,0.5258,The Storm announce today that they have signed Tyler Thomas and Jeremy Bollinger to one-year deals.
324,0.4928,"Updating a recipe for a summer soup, perfect for the hot weather"
325,0.3546,159 degrees + large bacon cheeseburger + work = #poorlifechoices.
326,0.5071,MU softball opener delayed: Bad weather pushes DePaul-Indiana to 8:30 p.m. {link}
327,0.6285,RT @mention: #Salute to @mention for going to show the kids love out in Tuscaloosa who were affected by the storm. {link}. ...
328,0.7179,"Today's weather is simply *perfect*. Rowan's so happy to be outside. But oy, $18 on sunblock for him? My mother just used olive oil on us :/"
329,0.6149,"Reed Timmer is following Fairview storm right now, while launching 6 probes into large tornado."
330,0.379,"U sir, are smokin that good shit. RT @mention: @mention  98 Degrees &gt;&gt;&gt; BSB  Yeah, I said it. *Puts up dukes*"
331,0.8913,87.4F (Feels: 95.3F) - Humidity: 63% - Wind: 9.8mph S - Gust: 15.9mph - Pressure: 1010.9mb (-0.1)  #weather {link}
332,0.8844,This weather rocks. I like it 4 a little switch up!
333,0.6329,"Severe Thunderstorm Warning for Cooper, Pettis, and Saline County until 7:00pm CDT."
334,0.8138,#WEATHER:  9:56 pm : 67.0F. Feels F. 29.83% Humidity. 11.5MPH Northeast Wind.
335,0.7545,So the weather is gettin pretty bad..Idk if im still gonna b able to come home today :-S
336,0.8268,"RT @mention: #Aots Now that PSN is back I'm going play Uncharted 2, Crysis 2, Motor Storm- all 3 of 'em! And all online!!!"
337,0.7758,#WEATHER:  1:53 pm : 59.0F. Feels 58F. 30.06% Humidity. 6.9MPH West Wind.
338,0.8664,#WEATHER:  12:52 am: 74.0F. Feels F. 30.03% Humidity. 5.8MPH Southeast Wind.
339,0.9636,"Hope everyone had a great weekend, I just LOVE Sundress weather!"
340,0.6505,"Waiting patiently for the electric car. Glorious day in Caithness, huge skies and plenty of sunshine..."
341,0.8434,#WEATHER:  1:56 pm : 77.0F. Feels F. 29.96% Humidity. 11.5MPH South Wind.
342,0.9719,Why the fuck all my teachers tryna go outside today?! Its too hot for dat shit
343,0.6338,@mention Happy Birthday....weather is so shitty yeeeesh! Well atleast smile bright :D
344,0.3985,Friday Fest es lil chilly!
345,0.7541,"RT @mention: @mention yeah me too,i`m freezing man...don`t let that sunshine fool you FOOOOOOOOOOOOOOOOOOOOOOL!!!!!!!!!!!"
346,0.946,This weather on some bullshit .
347,0.5491,@mention its not. 70 and sunny tomorrow.
348,0.4839,RT @mention: sooooo annoyed with these weather tweets. we live in ohio what do you expect? #getoverit
349,0.8771,Wednesday - Partly sunny. Slight chance of rain showers in the morning...then a slight chance of thunderstorms in...  {link}
350,0.6001,"So sad - a former homebound student of mine died this morning.  She was like a ray of sunshine, always positive despite her condition."
351,0.9754,The weather has turned gorgeous! {link}
352,0.5983,"Anyone who thinks that Sunshine is pure Happiness, has never danced in the Rain..."
353,0.6467,RT @mention Why does Lindsay Lohan hate Christmas? She's been in & out of rehab for dashing through the snow...LMMFAO
354,0.8322,ain't nothin like walkin out of a salon with a fresh cut and a lollipop on a beautiful sunny day. I love it.
355,0.6916,"@mention haha, sunny down here!"
356,0.7618,@mention old lady with hot pink feather extensions.. The reason i want mine out!  {link}
357,0.5014,Partly Sunny Skies Show Up For Mother's Day - {link}
358,0.5568,Audible! Skipping KY weather; are now Nashville bound.
359,0.4682,Preparing for the worst but still praying for the best with this storm stuff!
360,0.9276,RT @mention: Georgia weather be pissin me off.
361,0.8933,the storm outside = no bueno
362,0.7379,MLB Weather Alert &#8211; Wednesday May 11th - {link}/
363,0.4226,"RT @mention: My kids keep using words like ""fresh air"" & ""sunshine."" Must go investigate. While I'm gone, would you read? {new post}  ..."
364,0.8559,Check out my hot new hip hop {link} via @mention
365,0.6769,Niggaz got degrees cuz...
366,0.7885,Last full week of school. Summertime sunshine #seeyousoon
367,0.2961,#storm yeah? {link}/
368,0.7003,"Greaaaat. So, the room i'm testing in, is freezing! Wtf. :/"
369,0.6571,"RT @mention: Syria 'arrests scores' in Damascus suburb: Soldiers reportedly storm Saqba, making several arrests overnight, wh... http: ..."
370,0.789,84.2F (Feels: 89.9F) - Humidity: 67% - Wind: 15.2mph SSE - Gust: 20.6mph - Pressure: 1011.8mb (-0.2)  #weather {link}
371,0.6683,"Headed out to the province of Siem Reap to check out the work a local church is doing in the community there. 
#motoride #hourandahalf #hot"
372,0.9508,So far today is pretty great weather wise for this 7lb hot dog BBQ.
373,1.0,56 Degrees Saturday night?? YES! I love it
374,0.6099,"Activision Blizzard's quarterly profit, sales rise \n    (Reuters)\n: Reuters - NEW YORK (Reuters)- Activision ... {link}"
375,0.7823,#WEATHER:  12:56 am: 56.0F. Feels 52F. 29.81% Humidity. 18.4MPH Southwest Wind.
376,0.4917,@mention oh hot dayum. Lmao & locked out my house waiting for a key company to come lmao
377,0.7581,RT @mention: The Graduate School to award more than 635 degrees:  {link}
378,0.5275,Spending this rainy day at the museum #MOMA #Sundayafternoon @mention
379,0.4846,@mention you around Detroit at all?  Got a weather page set up for it.
380,0.7086,The days half over and I still haven't seen my mother! Upside its 80 degrees outside :)
381,0.5726,"A GATOR found on in jamestown, details at 7/10 plus sports and weather"
382,0.37,Weather Halts And Ends Tied Game In Seattle - GoDucks.com - The ... {link}
383,0.5665,I'll take the lightening over the snow any day! Yay for thunderstorms!
384,0.596,High-Atis - It's Always Sunny In Florida  {link} via @mention
385,0.8695,#WEATHER:  3:56 pm : 64.0F. Feels F. 30.05% Humidity. 8.1MPH Northeast Wind.
386,0.5843,@mention I went to hobo joes today and go my 1st snow cone
387,0.7073,#WEATHER: 12:53 am : 49.0F. Feels 47F. 29.95% Humidity. 5.8MPH Northeast Wind.
388,0.8778,i Had Great Mother's Day Weekend weather was very nice
389,0.4881,"Help #Joplin-The Salvation Army providing emergency relief services.   Text the word ""Joplin"" to 80888 to make a $10 donation. #CNN weather"
390,0.4848,What a tease yesterday's nice weather was. .
391,0.6569,Ready to be in the house! Its hot out here!
392,0.4571,It's windy here too. RT @mention: Rustling night | blows me away | clutching at straws | where cosmic winds | carry your scent #micropoetry
393,0.5934,"The lightning from the storm last night was spectacular. They were predicting the storms all day, but you really... {link}"
394,0.8465,"This weather is crazy, especially while driving. Maybe ballet will be canceled!"
395,0.5957,"@mention Hot Lyrics, Hot Beatz, No Deal? Get Your Music Out there with @mention"
396,0.6829999999999999,Gunmen storm Afghan government building {link}
397,0.4644,"Freaking out about this final, and the library is so damn hot!"
398,0.8114,RT @mention: Our blog this week includes fun outdoor recreation recos. Good timing with this gorgeous weather: {link}
399,0.7207,Death by the Glass: A Sunny McCoskey Napa Valley Mystery (Sunny Mccloskey Napa Valley Mystery):  {link}
400,0.8636,Enjoying the Midwest weather!
401,0.5958,Is it hot outside?
402,0.662,Weather for Seattle    {link}
403,0.8218,"RT @mention: Tonight and tomorrow, partly cloudy. Lows around 56. Highs around 76. Chance of storms. #Richmond #weather"
404,0.8649,Fuck you tavi you stupid fucking idiot. Cancel practice before we fucking drive 35 minutes in a fucking storm to medina you fuck
405,0.4225,@mention We live out in the country (or the Boonies as we like to call it) so we see these things quite often as it starts to warm up.
406,0.762,Mmm...  A Lemon-Berry real fruit slush from sonic.
407,0.8818,#WEATHER:  7:56 am : 67.0F. Feels F. 29.96% Humidity. 4.6MPH Southeast Wind.
408,0.7887,it's too damn hot for the power to be out....
409,0.4383,@mention love ya profile pic gorgeous. How's the weather in Atl
410,0.9029,"Tatum, NM @ 12:00 PM: Temp:90F(H 91/L 55), Hum: 3&#x25;, DewPt:-1F, Wind: WSW at 18 G 28.0 mph, Rain:0.00 In. #weather"
411,0.7388,@mention haha wayne!! Omg!! Snow!!! Lol its warm this morning here. Have a slice of cake for me xx
412,0.4127,"It's not storm damage or budget negotiations, but many Minnesota military families are facing hardships now too.
{link}"
413,0.6738,RT @mention: @mention I was hoping the colder weather would hasten their demise...I'm afraid it's only prolonged our inevitable d ...
414,0.5566,@mention been chatting up a storm on #BlackberryMessenger with a bunch of cool MMA people
415,0.6902,This weather has left me completely incapable of functioning as a normal person.
416,0.7178,@mention ..watching The D.E.N.N.I.S. system and thinking I need new Sunny in my life. Can't wait!! I'm in love with all of you.&lt;3
417,0.8398,#WEATHER:  1:56 am : 66.0F. Feels F. 30.09% Humidity. 26.5MPH East Wind.
418,0.8349,@mention stuck overnight?! That's awful! I've been delayed by blizzard but it was before my flight too off. I feel sorry for connecting.
419,0.722,It's too hot out. Fuckin aye
420,0.4721,10:00 and its 75 degrees...i'll take it
421,0.851,#WEATHER:  4:53 pm : 67.0F. Feels F. 29.93% Humidity. 8.1MPH Southeast Wind.
422,0.7585,"13:42-Sky:  partly cloudy|Vis: 8mi -Temp: 83.1F-Hum: 66.0 %-Pres: 29.82""-24Hr Rain: 0.00""-Winds: N 3.1 MPH-Windchill: 87.9F #cltwx"
423,0.9662,I hate auto lock doors. Locked myself out of my apartment and am freezing to death outside in a tee shirt. #fb
424,0.4331,"RT @mention: It's getting warm in them thar hills.  Amador County Foothills/Shendoah Valley, Plymouth, CA...nice, sunny, warm,.. ..."
425,0.4313,Amen RT @mention Bulls defense is too good to get blown out. They just have to weather this storm and take the lead in the 4th
426,0.5529999999999999,"RT @mention: Life isn't about waiting for the storm to pass, it's about learning to dance in the rain."
427,0.6920000000000001,"I don't remember the weather sucking this bad last May... Regardless, it feels good to just stay in and relax all day. #chillin"
428,0.7151,soooo its cold outside grrr -_-
429,0.6785,It's Jus to hot outside to be sleepin n clothes
430,0.4819,On our way ;-) RT @mention: Its 83 Degrees & only Noon @mention just landed We Bout to be Outchea (cont) {link}
431,0.9137,"Sunny weather for driving back to San Diego, spending the long Memorial Day weekend w/hubby in 10 days. What makes you smile today? :)"
432,0.7489,cold in here cold outside
433,0.4207,green snow ..... love that grinder
434,0.5797,@mention Yello!  Looking for the next Snow Patrol? I recommend this. I can't stop playing it! {link}
435,0.655,It's 82 degrees
436,0.562,"Putting all utensil away, covering all mirrors/monitor/television, staying away from windows and hiding in the closet! A storm is coming BRB"
437,0.474,"I'm at Snowy White Laundromat (1291-1299 N Broadhead Rd, Monaca) {link}"
438,0.7058,{link} check this joint out by @mention Hot shit u can DL it too 4 free so dnt pass it up help a sista out lol
439,0.4425,"Remember to always play after the storm. ""Mattie J. T. Stepanek"""
440,0.687,Rainy Kc... (@ Kansas City International Airport (MCI) w/ 18 others) {link}
441,0.6268,"Ashley and Storm were watching Old Boy. It's dubbed, unfortunately, but whatevs."
442,0.882,RT @mention: Popcap is the Blizzard of casual games.  I could purchase *any* Popcap game sight unseen and know I was getting somethin ...
443,0.4564,"Italian toddler left by dad in hot car dies - Yahoo! News {link} #WTF? ALERT, #PullUp! #Get heads out of Winter Den! #HotNow!"
444,0.5507,"Right on my way to Chelsea, not sure what pub were going to yet. 

0 3 WIN WE BE NICE

It's sunny here now in, the only way is Essex"
445,0.3405,Shawdee keeps cummin in my office talkin bout hey sunshine. Um like wtf u want my cookies bitch?
446,0.6615,Ain't shit going down n it's fucking hot outside
447,0.4912,Sunny in Marin County right now. (via @mention // thanks!)
448,0.4096,@mention   I think I have some snow too!  (although it's finally Spring this week!)
449,0.8553,#WEATHER: 7:51 am E: 55.0F. Feels F. 30.01% Humidity. 3.5MPH Variable Wind.
450,0.4392,THE STORM IS UPON US - PTSD AND OUR VETERANS - Veteran Awareness Coalition {link}
451,0.5938,RT @mention: Man having argument with girlfriend jumps off Sunshine Skyway Bridge and lives {link}
452,0.8813,#WEATHER:  11:56 pm: 69.0F. Feels F. 29.69% Humidity. 5.8MPH South Wind.
453,0.5166,@mention: RT @mention: Cleveland weather blows me .
454,0.5176,RT @mention: Why is my house below zero degrees all the time?
455,0.8517,"RT @mention: Check out the ENTIRE album here!!! {link} then buy it, cuz it's HOT!!!!!"
456,0.41700000000000004,omg it so windy !!!!!
457,0.4154,It feels grwat in durham lol RT @mention It's sooo hot out here!! #deepsouth
458,0.5655,"Nothing beats a cozy, rainy evening in with homemade chili, cornbread, and too much bourbon for a Thursday night."
459,0.3518,@mention yikes. sounds like you know your seasons. #louisville on that crazy stuff like #detroit weather-wise.
460,0.4461,RT @mention: I ffucked enough hoes now its time 2 count money cuz i'll be damn if dis summer be dark n sunny!!!
461,0.5713,@mention how's the weather there?
462,0.2705,@mention I couldnt agree more. What's the temp?
463,0.8759,WTH....VA with this damn bipolar ass weather....
464,0.8469,Wednesday - Snow showers. Snow accumulation 3 to 5 inches. Highs in the 30s.  {link}
465,0.7251,Feather in the Storm: A Childhood Lost in Chaos:  {link}
466,0.6603,The vent next to the toliet in the guest bathroom provides for a perfect doo doo temp. #shittertwits
467,0.8537,Special Weather Statement issued May 13 at 1:46PM CDT expiring May 13 at 2:45PM CDT by NWS Mobile {link}/
468,0.8739,"Going to the zoo today for the first time in ages, the weather is perfect. I might also eat a hamburger #dreambig"
469,0.8747,Anyone streaming video from the parks or resorts today? Looks like nice weather in WDW!
470,0.6534,"@mention Exactly, hot weather got these rats on the prowl."
471,0.2714,It is a soup day. . . And a selling golf carts by text message rainy day. . . Outside of the box? Or genius?
472,0.6582,"RT @mention: I need your lovin', like the sunshine."
473,0.6385,"RT @mention: Iso. t-storm this evening if anything, likely get the game in tonight. #Royals fcast: {link}  Sorry @mention ..."
474,0.6496,I uploaded a @mention video {link} God's Snow (Original Song By Mark Gott)
475,0.4624,"@mention Seriously, that's February weather!"
476,0.7161,@mention Hi Five! I love a bit of Snow Patrol! Have this band on now tho.  They are going to be HUGE.  {link}
477,0.7774,Bout to enjoy this sunshine a bit
478,0.8485,Special Weather Statement issued May 09 at 10:29AM CDT expiring May 09 at 11:30AM CDT by NWS LaCrosse {link}... {link}
479,0.8362,The seattle sunshine is making me want to book a cruise.  Love sailing away from seattle when its sunny!!
480,0.7582,Couldn't ask for better weather!
481,0.5093,227's YouTube ESPN Pro-am draws stars to storm-battered Alabama: Alabama football coach Nick... {link} BCS-College Football
482,0.4864,"RT @mention: 84 deg. F and 3% humidity. Don't go playing with matches, kids. &gt; and forget the corduroys too.  #friction"
483,0.9018,RT @mention: The weather is beyond beautiful ! :)
484,0.7166,Me too RT @mention wowww can #detroit ever get normal and warm weather! Now I'm stuck in traffic motherr efferrr
485,0.8276,"Goddamn this weather! Can't run in the rain. Oh well, at least PSN is back up."
486,0.5029,Nothing like a lazy Sunday afternoon waiting for storm to roll in
487,0.5266,Ohio Tornado Database contains reports of over 950 tornadoes that have touched down in Ohio between 1950-2010. {link} @mention
488,0.4383,"RT @mention: Significant damage from a tornado in Joplin, MO.  Appears windows blown out at hospital.  Live coverage on The Weather Ch ..."
489,0.6745,YW! RT @mention: Improving my tweet-ability - study time before hitting the sunshine.  Thank you @mention and  @mention for...
490,0.6647,"Ran 6.69 kilometers in 31 mins and felt great. Amazing weather, good short run, minus the Propel drink I boug... {link}"
491,0.6419,Bring on the sunshine bring on the good times :) #summer2011
492,0.8795,"Last night was AWESOME. - And the weather is beautiful. Good mood high for the rest of the weekend, which is... {link}"
493,0.7524,Footballer sparks Twitter storm: Twitter users have reacted to a footballer's bid to find out who is putting inf... {link}
494,0.7254,"*HOT!* Discount 60% Hermes handbag online sale, 2011 newest style included! Go check it out!!! {link} #ad"
495,0.4809,"This hot, dry, & windy weather is going to turn the #canola fast. Keep a close eye on it if you plan on swathing or pushing. #okanola"
496,0.5278,YUMMAY RT @mention: Weather Up with @mention for some yummy oysters :)
497,0.9696,This weather makes me very happy!
498,0.5306,happy monday! striving to overcome the grey doldrums here... how do you rise over icky weather? (supposed to rain the whole week here!)
499,0.8340000000000001,"@mention So this weekend? 3 rainy days in a row and it's May Term you don't have to do anything for class, duh :p"
500,0.5609,"Chilly - Chili, Chile, Chilli, Chily, Mirchi, Chilli Pepper, Aji, Paprika {link}"
501,0.7079,damn its goin rain all next week -.- where the 80's weather att ?
502,0.6633,Sen. Whisnant just said our state economist has gotten our budget income forecast wrong 14 out 16 times wrong. Makes me feel warm & fuzzy
503,0.6972,Tomorrows 82 degrees ? thats what im fuckin talking abt ^_^ .
504,0.3517,I'm just a hippie...in the woods...playing her djembe on a rainy sunday afternoon {link}
505,0.8037,@mention correct! Weather is awful.. Headed out now to try and practice!
506,0.5219,@mention Andddd it's Wool!! And its 80 degrees outside!
507,0.384,RT @mention: Lol yall crazy! RT @mention: out campn with @mention waitn on da new jays in da cold its #serious
508,0.5394,Its #Friday nd da weather is ok....wat trubbl is thur to get into?!!
509,0.5445,Its a million degrees
510,0.4413,New #iPhone / #iPad #app 'HurricaneSoftware.com's iHurricane With Push' (#Weather: 3 Stars) $2.99. {link}
511,0.8075,"This nice weather sure does bring out the ""best"" in blk folks lls"
512,0.6647,Good morning and HOLY HUMIDITY! This is the one thing about moving back east from Colorado that I didn't miss..my face hates it!
513,0.8025,"Severe Thunderstorm Warning until 05:45 PM CDT issued for Edwards & Kiowa Counties with 60mph gusts & 1.00"" hail possible"
514,1.0,Such an awesome day out today. Gotta love sunny days.
515,0.7597,"Hot off the presses! Check out the new issue of the Amadeus ""Prospectus"" newsletter. {link} #travelagent #traveltech"
516,0.7449,I need to hot  the work out #plan again
517,0.5806,These #ExtremeCouponing folk are a BLIZZARD person wanting DREAM! Just have the goodies!
518,0.4712,Hitting the 90s that's naked weather
519,0.5286,Its Freezing D;
520,0.3672,@mention I'm doin good 2 jus waiting on some good weather
521,0.7929999999999999,"@mention A warm sunny day deserves a delicious, gourmet and slightly pornographic hotdog from Wild Dawgs....."
522,0.738,Special Weather Statement issued May 13 at 6:42PM EDT expiring May 13 at 9:45PM EDT by NWS Buffalo {link}... {link}
523,0.41,Goodness it got cold quick!! It was just 80 degrees in NYC! #wheresmycoat
524,0.9098,"@mention I know what you mean! :) the day is going well,  we are finally having nice weather"
525,0.6845,Haters can make like bees wit no stingers n drop dead #Cold
526,0.4943,I don't mind the rain... your face is like sunshine &lt;3 &lt;3 &lt;3
527,0.6901,You're the best! Warm weather is calling now--let's make plans :) RT @mention: We all love having @mention & everyday #FF
528,0.8835,#WEATHER: 3:54 pm M: 81.0F. Feels F. 29.66% Humidity. 20.7MPH Southwest Wind.
529,0.3791,Hot and Cold {link} #waters #hot #cold
530,0.3966,Holy fucking shit I just eargasmed so hard listening to the new Cave In with an approaching storm.
531,0.5828,@mention ur twitt sad some ppl r so temp soooooooooo fake
532,0.8778,"Damn weather, just turn and stay sunny."
533,0.4026,Water sprinkler damage requires professional cleanup before the Atlanta weather makes it difficult to prevent... {link}
534,0.716,"The happy, chirping birds this morning confused me. I thought there might be sunshine. Just gloominess. What are you smiling about, birds?"
535,0.4659,"Phones been ringing since 7, must be sunny again! #boutime"
536,0.4009,"I'm in a full blown Storm costume. Yes, Storm. Its pretty cool. I'm gonna clean my room in it."
537,0.4242,"I'm Eric Wright, I'm ruthless I terrorize, you either parish or be paralyzed cause I'm 1000 degrees fahrenheit"
538,0.3595,Turtles. Pizza. Wildflowers. Sunshine. Grenades. Your mom. Me. Jell-O and of course...a 1971 Pontiac Trans-Am. Oh and a bed. Full of puppies
539,0.7461,"RT @mention: SEVERE STORM WARNING SE MN  13 MILES NORTH OF WINDOM...AND MOVING NORTH AT 40 MPH
{link} for HD weather ..."
540,0.7265,"D~""Driven"" aka David Zachary Rumley gettin' his ULTRA swagg on today. Watch OUT!!! He's puttin' out hot fire on... {link}"
541,0.6672,"Snow White, HOLLA! RT @mention: Hi Ho, hi ho... I forgot to check in, yo. (@ Harbor Court) {link}"
542,0.4973,Looking up in columbus circle #nyc #rain {link}
543,0.4476,fuck wearing Nikes or Filas or Reeboks...I wanted some Beauty & the Beast or Snow White or Lion King shoes!! Lmao...#childhoodmemories
544,0.6428,RT @mention: #childhoodmemories Me @mention @mention @ Sunny Ballin on them niggas at Charles A. Green(Sumner Park)
545,0.5770000000000001,RT @mention: Ahh weather.com says that our area is getting a bad storm and to stay away from windows.... Glad my beds right under a h ...
546,0.6502,hereeee we go with blowing sunshine up scotty's ass. #americanidol we don't need another country star. NO THANK YOU
547,0.3491,On my way baby keep my spot warm lmao RT @mention This thunderstorm makes me wish I had someone to cuddle with
548,0.6961,More than 100 fab prizes in BIC Soleil 100 Days of Sunny Moments promo. Enter @ Feelthesoleil.com (Rules) #sweepstakes
549,0.5129,SPC MD 747: MD 0747 CONCERNING SEVERE THUNDERSTORM WATCH 283... FOR PARTS OF CNTRL AND NERN TX / SWRN AND CNT... {link}
550,0.7643,It is hot ass hell outside
551,0.4376,@mention Am I wrong to think the boy has never seen snow in March?
552,0.8229,Just got to my apt... It's 2 damn hot outside for me!
553,0.4796,"Today, give a stranger one of your smiles. It might be the only sunshine he sees all day."
554,0.5745,"misty, cloudy, rainy evening spoiled viewing of beautiful Niagara Falls..."
555,0.6341,"Ew... bought a salad at the Sunshine store and the chicken has gone bad.  One bite won't make me get sick, right? Ick."
556,0.5626,"Cause you're hot then you're cold, you're yes then you're no, you're in then you're out"
557,0.6591,Keep your face to the {link}  sunshine and you cannot see the shadow.
558,0.9193,Is anyone else just sick and tired of this weather?
559,0.4688,@mention Most of my followers are usually in and around Tally. That's where the storm is now
560,0.7461,@mention Hey what's up stranger? not a whole lot over this way I'm back in MI and hating the weather lol What about u
561,0.9199,"Honeys, tonight is First Friday in the Crossroads Art District. And the weather is going to be GORGEOUS! Some come... {link}"
562,0.5382,"@mention Greeting! I love Snow Patrol, so this is right up my street. Hear them here:{link}"
563,0.5835,@mention @mention Im so cold and shaking now :( Omg 6 minuites x Im freaking out
564,0.6037,@mention how bout chasing the money till it's sunny w/ no sleep.  money stretch long.. Wall street.
565,0.9620000000000001,This weather is depressing.
566,0.7735,Sundress weather is the best weather.
567,0.3889,this must be the end.  the weather channel has gone into commercial-free mode.
568,0.7327,Now's the time to sign up for ABC 17 severe weather texts: {link} Follow @mention & Facebook: {link}
569,0.8163,"San Antonio, Texas Weather :: 77F OVERCAST from San Antonio, Texas Weather {link}"
570,0.5295,@mention i knew it im like the sunshine to your morning the pencil to your paper the eyelid to your eye
571,0.8569,#WEATHER: 6:51 pm E: 62.0F. Feels 60F. 29.94% Humidity. 12.7MPH South Wind.
572,0.5985,"Dateline: Elkhart Lake, WI - It's cloudy, chilly, rain in the forecast - perfect for manic depression. For testing a race car, not so much."
573,0.7654,"so my moms going out tonight ^_^ ...with her ""hot date"" lmao"
574,0.6974,Heading outside for a run. Enjoying this weather as much as I can before the rain inevitably returns.
575,0.649,"Video weather update, including Tornado Watch details: {link}"
576,0.866,So nice to be able to wear a skirt and walk outside in the sunshine without feeling cold! I love the sun. #summer
577,0.5376,Mann da weather ppl nva kno wat dey talkin bout..
578,0.4995,The only thing I can do is move foward and focus on the future. As hard as it may seem it can only get better. The storm can't last forever
579,1.0,Planting strawberries @mention and enjoying the sunshine!
580,0.9417,Loving this weather (:
581,0.583,I hope it won't be too hot in the morning! Jacksonville weather be on hell+2 degrees!
582,0.7371,I could seriously listen to @mention all day long. p.s. this storm is bad! i'm scared
583,0.6324,"G'morning, Sunshine: 60s and partly sunny? OK!"
584,0.4822,why is just windy by my post is it because all of the trees and buildings!
585,0.5221,Insaneeee weather over here!!!!
586,0.4461,If you are in Winston... I say we plan a pool party since it is hot as hell outside
587,0.7133,"#tropicalstorm, #philippines: 1200Z 9 May 11 #JTWC ATCF Track, Tropical Storm 03W (Aere). {link} #aere #bebeng #03w"
588,0.7287,@mention good morning Viv how are you this beautiful sunny morning
589,0.6487,It's so hot that I have found out (the hard way) that my seat belt buckle could be used as a branding iron #teamfollowback
590,0.76,"RT @mention: TORNADO WARNING N central TX TORNADO NEAR SAGINAW...MOVING EAST SOUTHEAST AT 40 MPH.  SOFTBALL SIZED HAIL
{link} ..."
591,0.3514,@mention @mention Something else to bear in mind for #muchado - pray for good weather!
592,0.865,Loving thia storm!
593,0.4423,I love the window seats at #lakelyn @mention when a storm is rolling in.
594,0.7295,"whoevr is patricia/patrice clark or harris=tricia_12@mention.com means ""TRY""CIA_12@mention.com=(202)583-2330 sound like sunny hostin &sucks!"
595,0.6747,"@mention Thanks, I hope the same for you too. I'd be more inclined to go outside if it wasn't this hot already..."
596,0.7998,@mention Hullo!  Looking for the next Snow Patrol? I recommend this. Listen: {link}
597,0.9026,Fire Weather Watch issued May 18 at 5:52AM CDT expiring May 19 at 9:00PM CDT by NWS Midland-Odessa {link}... {link}
598,0.7584,#WEATHER: 11:54 am : 67.0F. Feels F. 29.95% Humidity. 11.5MPH South Wind.
599,0.5734,Thanks for all the awesome birthday wishes! I think I might fine a sunny spot and curl up like a cat!
600,0.7622,"SPC Severe Thunderstorm Watch 321 Status Reports: WW 0321 Status Reports
      

STATUS FOR WATCH 0321 HAS NO... {link}"
601,0.9252,#WEATHER:  6:51 pm : 74.0F. Feels F. 29.88% Humidity. 0.0MPH North Wind.
602,0.8671,Been lazying ALL DAY. Exams in 2 days. BUT I CAN'T STUDY IN THIS WEATHER.
603,0.4686,"@mention, @mention and @mention team up with @mention and for storm victims {link} via @mention"
604,0.418,"@mention Heard you're filming in LA. I studied at LSU few years ago. Still remember the weather it's like ""public sauna."" Stay cool:)"
605,0.7423,RT @mention: Life is so much more manageable when the weather is nice.
606,0.5928,"Have to say though I think I have wind burn!  Wow it was windy! However tent,  windbreak, ME AND ER and guests survived!"
607,0.7212,"Sweden Climate, Temperatures &amp; Weather Info | It&#39;s a Stormy Life {link}"
608,0.4977,Here and Now: Snow on treetops: What could be better?
609,0.452,Bikini Weather Pictures - New Picture -  {link} #Bikini #Babes
610,0.5398,"Severe Thunderstorm Warning for Benton, Carroll, Madison and Washington County until 8:30pm. #arwx"
611,0.5777,Its #Cold N Herr ..
612,0.3377,Cool and rainy.  Solution: rum and cider at 8am! lol
613,0.4908,RT @mention: Its hot af outside.
614,0.51,Chamber of Commerce weather. It's a great week for networking!
615,0.5463,It's gonna rain in #SanFrancisco tmr. I need to get my #run in today so tmr will b my run rest day. #weather
616,0.5201,@mention sunny again.. something is clearly afoot! you? #coffeeup
617,0.5334,RT @mention: The color of these #yellow #calcite faceted drops makes me smile!  Sunny!  @mention #artFire #AFPounce {link} ...
618,0.7488,Umm jealous!! RT @mention: Just checked the weather for Mexico..85 and sunny EVERYday :)
619,0.596,I wish i was wearing pants right now. Its chilly outside.
620,0.6306,@mention my sisters pregnancy until I can finally hold that bundle of sunshine:)
621,0.8337,"check out this song {link} RT @mention ""hey Drake.""
""Whats up Gavn.""
""Your mom's hot.""
""DUD..."
622,0.7707,RT @mention: Learn about online masters psychology degrees {link}
623,0.5614,"Well, FB friends, it was nice to see you all come outta the woodwork...see you next Spam storm!"
624,0.5786,"Quartet of snowy owls finds new home at Beardsley Zoo: BRIDGEPORT

Associated Press


A quartet of snowy owls, a... {link}"
625,0.6922,What's going on with everyone on this rainy gloomy day? Me just getting ready to go to the grocery store.
626,0.5904,50 degrees and rainy. Guess there's no cookout.
627,0.6853,@mention they got me goin out in this storm..riskin my life..just cause I can't afford to miss a day of class..smh!
628,0.8969,#WEATHER:  7:53 pm : 79.0F. Feels F. 29.63% Humidity. 24.2MPH Southeast Wind.
629,0.6421,"Mostly sunny today, high 70 (21 C)."
630,0.6648,@mention  Sunshine! You lucky dog!
631,0.7732,I see it's still windy here in Vegas. Can't say I missed it. #fb
632,0.4627,#NP Superstar 9000 feat. Stuey Rock - Thunderstorm by Superstar 9000.. - {link}
633,0.3822,"@mention maybe the spring humidity, bones expanding"
634,0.5218,@mention next time u are in Paris & weather allows let's have a picnic
635,0.7127,The sunshine inspired our sun salutations this AM! Thank you Meg Faber & Flourish Yoga + wellbeing ~ Back Om Again... {link}
636,0.3828,"How are you liking my outfit, my wife picked it out. It's a little chilly, I'll never let her do that again #Reds"
637,0.5589,Oh well I went in the freezing ocean and loved every second of ittt
638,0.5853,Lluvia/rain (Observemos El Tiempo/Weather Watchers):  {link}
639,0.6107,@mention moving is already such an unpleasant activity! Sorry about the weather! :(
640,0.6561,Mango snow ice  @ Twist (Snow Ice) {link}/
641,0.8013,Its amazingly hot outside.. That means its time for the pool. Thank Goodness I look good in a 2 piece. :)
642,0.6457,40 & rainy is such a letdown after last week's weather :( Good day to move into a bigger bedroom though!
643,0.9192,"#ncwx Conditions for Durham, NC at 12:49 pm EDT: Current Conditions:
Partly Cloudy, 86 FForecast:
Mon - Isolated Thunderstorms. High:..."
644,0.8176,"Fair and 45 F at Butler County Automatic Weather Observing / Report, PA {link}"
645,0.5738,"I believe in various degrees of hatred, paranoia, and abandonment"
646,0.6474,its gonna be 90 degrees Tuesday and Wednesday
647,0.5371,"BLOG: Another Day, Another Round Of Thunderstorms {link}"
648,0.7366,Today's weather has me dreaming of chocolate. Thankfully we carry some local favorites...  {link}
649,0.5201,We recommend checking out Snow Plow Younginz {link}
650,0.5294,Man its so windy out here
651,0.4078,Hi Dawn :) @mention you plz send some of your warm OK weather here. Brrrrr :D Hope you're having a gr8 Monday! DawnRachel13 @mention
652,0.3058,In need of a long nap & some sunshine.
653,0.4818,@mention It's a weather alert app that is usually $10.
654,0.4137,@mention no shelters but keep close watch on weather :(( hugs
655,0.7070000000000001,"Humidity, why must you do such unorthodox things to my hair?"
656,0.7543,Five months after the ice storm killed my sago palms I just realized that they're in pots and I could have moved them inside. Yup. #dumbass
657,0.8739,"The bad news about warm weather, there seem to be more assault crimes. {link}"
658,0.5321,@mention SNOW!!!!!!  Where the heck are you?
659,0.8094,#WEATHER: 10:53 pm : 49.0F. Feels 46F. 29.94% Humidity. 6.9MPH South Wind.
660,0.6058,"The weather channel local on the 8s just said it was ""sunny"". LOL {link}"
661,0.6239,Couldn't ask for a better forecast @mention @mention @mention @mention {link}
662,0.7001,"Getting my eat on at Red Lobster. Snow crab legs, lobster tail, shrimp and cheddar biscuits. Need extra workout day 2 burn off the cals."
663,0.6123,@mention Insomnia and thunderstorms kept me up all night...So much fun...
664,0.9702,Today has been a pretty good day....smooth. good weather makes me wanna....nah I can't
665,0.3186,"Well, blake survived the weather! RT @mention: Had to go with my gut on this one. This is a tough position to be in.  #TheVoice"
666,0.9189,The sunshine makes me happy.
667,0.6141,is it to cold outside to be wearing sandals ?
668,0.7111,"Check this out! Pretty hot!  -- EJ Carter ft. A. Jones - ""Good Weed, White Wine"" {link} via @mention"
669,0.6766,I left my a/c on last nite woke up freezzzinnggg! I dnt remember putn it on no dam 60 degrees... Smh
670,0.4112,Sounds delightful! @mention RT: Can't wait to stroll on the beach and brain storm!
671,0.8587,"RT @mention: Who's excited for TPC this weekend? Sunshine,  beach & golf - life is good!"
672,0.6817,New book. Lemonade. 90 degree weather. #perfection
673,0.4751,soo I pressed my way out to bible study in this weather! truly a #sacrifice
674,1.0,guess ill go move my car...the weather jus fucked up my plans...once again
675,0.8932,Today is astonishingly beautiful. The sun is warm. The breeze is cool. There is just enough humidity to make your {link}/
676,0.8076,sounds like the weather won't be so great this weekend surprise that is never a sure thing at any point #justsayin :D #Chicago
677,0.5331,"RT @mention: Word on the street is, it's going to snow later on today"
678,0.8109,#WEATHER:  4:56 pm : 70.0F. Feels F. 29.96% Humidity. 6.9MPH East Wind.
679,0.6275,Sitting in deepsea world with a mixed slush puppy and a scone. :)
680,0.5261,We brought the sunshine from LA... But we also brought the traffic! #SMUGGLERSTOUR {link}
681,0.6148,God it's been raining on and off...that's what you get for Michigan weather
682,0.3651,@mention I share you optimism about warmer weather but the storms look quite impressive on radar.
683,0.5419,Got a quick run in before day 3 of weather starts.
684,0.2902,"I can clearly see the sunshine, but I'm steady walking thru the rain** Boosie"
685,0.3763,Fun time celebrating my bday with my fam and some birthday cake yogurt  @ 32 Degrees!
686,0.6579999999999999,Hanging around nothing else to do but frown rainy days and #mondays always get me down -The Carpenters
687,0.4295,RT @mention: RT @mention: #TeamYabaLeft where BB storm onli works inside rain
688,0.3945,Very cool. RT @mention: 6 photos of the storm rolling progressively in. {link}
689,0.8191,#WEATHER:  1:54 pm : 53.0F. Feels 49F. 29.82% Humidity. 12.7MPH Northwest Wind.
690,0.6419,"YES! I hope this rain turns into a Thunderstorm....wait, are my car windows up!?"
691,0.5123,@mention Wow! Snow Patrol are great but getting samey. Try this! What do u think?  {link}
692,0.4817,RT @mention: Oh goodie...finally warm enough for the neighborhood banshees to be out in the streets cryin about who's turn it is to  ...
693,0.7893,#LISTEN Sunny Black - Lets Get It In.. - {link}
694,0.3984,"""When will I see you again"" by the 3 degrees on the radio has precious moments in the lyrics, on a rainy afternoon #preciousmoments"
695,0.4716,"@mention We've had a lovely weather all week. It started turning today. Now, it's just weird!"
696,0.4979,"Dirt 3 arrives with more rally, new modes and snowy skies. {link}"
697,0.7411,#NEWMUSIC Sunny Black - Lets Get It In - {link} #twitraxtuesday
698,0.7846,60 degrees. And its almost the end of may. Wisconsin... I hate you.
699,0.7617,Retired Cop Who Subdued Man Who Tried To Storm Cockpit Says Attack Seemed Planned: A retired San Mateo police... {link}
700,0.7556,@mention check out dis video shit is hot song is crazy trust RT (@mention {link})
701,0.5133,@mention Oh.my.god. Sounds like a little bit of sunny Roses heaven!
702,0.8231,Valley Center area is under a several thunderstorm watch until 10 p.m.
703,0.6224,Pic: Check out the little T-storm that just popped up on radar south of the track. {link}
704,0.3718,Outside @mention waiting to see @mention & @mention. It's freezing but worth it :-)!!!!
705,0.8608,#WEATHER:  2:55 pm : 86.0F. Feels F. 30.06% Humidity. 4.6MPH Southeast Wind.
706,0.6809,@mention Done with the rain and headed to the beach tomorrow.  Finally sunshine and sand!
707,0.545,"No b-roll video will be shot until the weather warms up! Watching fans, drivers and crews in winter coats is not enjoyable TV."
708,0.9167,The weather is so gloomy and cold :(
709,0.4131,First and last time walking to a class on Friday in Cornell. Thanks to the snow. #ItsMay
710,0.4237,Im riding the #HeatWave til the wheels melt off! lol #TeamHeat
711,0.6927,Its freezing in Boston hows the weather in Providence???
712,0.7645,Why did i wear this lil dress???? Im freezing in this airport. Damn.
713,0.61,"May be a long night.  More bad weather to come, so please limit travel and listen to warning sirens or alerts on the radio & t.v."
714,0.5583,"Operation Heatwave Survey, May 21st, area centered around Fitzhugh and Live Oak. {link}"
715,0.7534,RT @mention: After a cold and rainy week in Ohio Friday and Saturday have been soo beautiful outside
716,0.7503,Video: Fox CT: Midday Weather | 5/11 {link}
717,0.5437,Eewwww @mention member when I threw up pink in the snow o_O
718,0.9642,"Tatum, NM @ 7:00 PM: Temp:86F(H 90/L 52), Hum: 8&#x25;, DewPt:17F, Wind: S at 18 G 40.0 mph, Rain:0.00 In. #weather"
719,0.6877,"Don't get me wrong, I'm an All-Around great Gammer. I do great in pretty much every game, weather I own it or not."
720,0.6727,"RT @mention: Help #Joplin-The Salvation Army providing emergency relief services.   Text the word ""Joplin"" to 80888 to make a $10  ..."
721,0.7282,Humidity could make temps feel like 101 today {link}
722,0.3902,Severe weather delays White Sox-Rangers {link} via @mention
723,0.4695,#bestdogever Crummy weather in WI. Perfect day for chilling with girl and K9. {link}
724,0.6128,"@mention I was laughing, @mention is running in fresh snow in Boulder and its gotta be in 90s here. Trail was awesome!"
725,0.5931,"@mention Jeri, here's your cute story for the day! ""Anchor saves ducklings from storm drain"" {link}"
726,0.81,Check this video out -- John Stewart- Chilly Winds-The Turf Inn-2003 {link} via @mention
727,0.5433,Freezing
728,0.4142,On my way to celebrate the homie @mention's graduation. 2 degrees. 1 woman. #motivation
729,0.8054,RT @mention: This weekend only! FREE SHIPPING at Yah Bag with coupon code SUNSHINE. Pass it on! #etsy
730,0.3481,@mention u like to swim when its cold outside....
731,0.9331,#WEATHER:  8:52 pm : 63.0F. Feels 62F. 29.78% Humidity. 11.5MPH Southeast Wind.
732,0.7583,RT @mention @mention Vote vote vote vote vote!!!!! 99jamz.com!!! Sunny Zoe!! RT!! Pls
733,0.6703,New:: Tsunami warning EAS TSW on tv and weather radio {link}/
734,0.7490000000000001,enjoyed last night's lovely weather at Salento Wine Cafe in the Rice Village area. South American inspired & great wine selection. Approve.
735,0.5602,Jyeah RT @mention @mention Yea Brah Brah...We ain't gon say names cuz Niggas already Snow
736,0.3942,A friend of mine named Judy and family are en route right thru the path of storm to KC. Prayers plz.
737,0.2805,wishing i was in sunny Florida watching @mention && the Orioles get this series win! #LEGGO
738,0.5366,@mention sunny I love u
739,0.6924,"My brother told me it.was hot out , so I came out in a tank , now I'm freezing"
740,0.9499,"Sports day was alright, weather was shit"
741,0.7639,Sonic lemonberry slush = pure #amazingness
742,0.5481,@mention it's ok ;o) hot out tho. but cloudy.
743,0.8533,Man the weather so shitty in the Chi.....summer needs to come on
744,0.8479,"@mention Yello! I love Snow Patrol, so this is right up my street. I'm love this song. {link}"
745,0.7481,I kno everybody in AZ betta be outside enjoying this Good weather cuz I'm sure its gone be short lived smh
746,0.6821,Visit {link} & #NowPlaying on {link} Long Way To Fall by Malibu Storm
747,0.4141,Hmmmm my voice is still crap thanks to this cold but I think I might do an audio tweet just to try it out.Anyone interested in hearing it?
748,0.4913,@mention take chi- town by storm! I expect nothing less! and @mention you better be ready for me to visit!
749,0.8778,Its hot as a BITCH outside !
750,0.7627,"My gosh! Its too hot outside... 
{link}"
751,0.479,"@mention ""Take care to bypass University so you don't collide w/ the sunshine & rainbows being unearthed by construction."""
752,0.4257,"Sunshine linked to fatherhood | Parent Pages for parents, families ... {link}"
753,0.7606,Damn well i'm glad the storm went right pass here
754,0.6737,"@mention REALLY HOT. turns out, he ALWAYS grunts during that dance move. it's louder in a diff. perf. really loud. like, ""ughhAHH~"""
755,0.4324,@mention hey wojo just to let u know while you freezing yours in michigan I am sweating mine off in the hot fl sun! @mention @mention
756,0.4729,Cold weather. Taylor Swift is playing. Suddenly sleepy..zzZzZ
757,0.8019,...SCATTERED THUNDERSTORMS DEVELOPING ACROSS WEST TEXAS AND SOUTHEAST NEW MEXICO WILL BE CAPABLE OF PRODUCING DRY LIGHT {link}
758,0.6909,SPC Severe Thunderstorm Watch 298 Status Reports {link}
759,0.7631,Burr it's so cold out today! I definitely am not looking forward to sitting outside at a track meet! #cold #Ithoughtitwassummer
760,0.5668,I love @mention. We are gonna take Austin by storm. #bestfriend
761,0.5681,@mention listening to jdb before I go to bed.. It makes mr miss sophomore year and the exchange that summer we were storm chasers :)
762,0.6011,"@mention ...I am thinking you do not need another coat :p HOWEVER, if the weather there is as bad as my exboyf says, mayhap you do.."
763,0.8246,"Sitting on the front porch drinking coffee, watching Sophie sing and dance in this beautiful Texas weather. #perfectmorning"
764,0.5532,Weather chills hot air balloon stampede {link}
765,0.4652,@mention manny doesn't want to test the weather
766,0.7939,@mention I had sonic too! I got orange slush tho! Lol
767,0.4458,Sunshine to continue throughout Western New York {link}
768,0.5396,"#cltnews WBTV 3 News, Weather, Sports, and Traffic for Charlotte, NC-AptarGroup to ... - WBTV {link}"
769,0.4781,Vietnamese's ice coffee for this sunny noon. {link}
770,0.6509999999999999,#NowPlaying Black and Blue by Miike Snow ;) ;)
771,0.7958,Damn its hot out. Even when not working on a 240 degree engine...
772,0.3793,A church in Tuscaloosa is adopting 25 storm victim families from the Rosedale Community: {link}
773,0.7244,"Did some Carmen Electra Aerobic Striptease & Cindy Crawford DVD. Cycled, hula-hooped, snow-ball fought & did some balancing on the Wii Fit."
774,0.6277,"Sigma Gamma Rho Sorority Inc.
Beta Omega Sigma-Shreveport,La
{From left to right}
Quiet Storm - Margarita Hill... {link}"
775,0.6135,"houston weather, may 21, diverticulitis, may 21st, ...: houston weather
may 21
diverticulitis
may 21st
mary tyle...  {link}"
776,0.4391,@mention I'm off on Thursday but I'm keeping local at the moment for the lack of spondos! If it's sunny I'll be out photographing...
777,0.723,#WEATHER: 2:56 am E: 64.0F. Feels F. 29.96% Humidity. 4.6MPH East Wind.
778,0.7539,@mention Bieber gets knocked out stone cold...by female fan!! Security cam footage. Awesome! {link}
779,0.5482,Health Department Implements Mosquito Control: After all the wet weather areas around your home could be ideal... {link}
780,0.5651,@mention Ahem! I love a bit of Snow Patrol! Have this band on now tho.  What do u think?  {link}
781,0.4264,RT @mention: Ready for this @mention weekend!! Hope the weather is nice!!
782,0.795,I'm glad it's nice weather here for Bike to Work Day. Not that I did. Bike to work. I just like nice weather.
783,0.7243,"Partly sunny this afternoon with isolated t-showers.  ~80. Becoming more humid tonight as warm front approaches, then passes. Warm. 60."
784,0.7843,Check this out #LOVE?RS was watchin @mention an came acros it dusnt she luk amazingly cutely hot? just sayin {link}
785,0.8791,"@mention no no! Haha. There are several days, but for some reason today seems extra nice. The weather is beautiful. :)"
786,0.7446,#WEATHER:  3:55 am : 61.0F. Feels F. 29.60% Humidity. 0.0MPH North Wind.
787,0.8546,#WEATHER:  7:52 am : 65.0F. Feels F. 29.53% Humidity. 16.1MPH Southwest Wind.
788,0.6097,I love when it rains but it's bot dark and gloomy out.... This is just perfect weather to not be single.
789,0.5306,Hail storm-1 andrew-0
790,0.6789,"Live web coverage from Springfield, MO of the #Joplin #tornado: {link}/  Thanks @mention"
791,0.4502,What's happening with all the #SouthEastToday weather girls all leaving @mention and now Kaye!  :(
792,0.6611,"Cold and rainy here in Boston, Wish I was in ATL with the #Krewe"
793,0.6827,Trace Adkins singing Rainy Night in Georgia...damn...I mean DAYUM!!!!
794,0.8092,"Isolated thunderstorms this afternoon, high 87 (31 C).  Low  66 (19 C) tonight."
795,0.6646,Severe Thunderstorm Warning for Atchison and Leavenworth County in KS until 9:45pm. Updates as needed from Bryan Busby
796,0.9222,#WEATHER:  3:53 am : 38.0F. Feels 28F. 29.98% Humidity. 18.4MPH North Wind.
797,0.8093,fuckin hell. its gonna rain and be chilly in st louis. of course. why can't it be like 90 and sunny.....ill never go there again LOL
798,0.4319,"Storm chasers - if you are in Lawton, OK, Mon-Wed this next week, we'd love to do coffee."
799,0.8471,i want to go out..but its cold and yucky out so idk
800,0.3878,RT @mention: s/o the those who keep faith within the storm. The storm never lasts forever. The sun will always shine again.
801,0.4149,lets get the candles out massive lightening storm on the isle of wight tell me if it is lighening where u r
802,0.3595,"#Storm #Clouds at #Twilight 
{link} 
#Redmond #Oregon #Photography #RedGage"
803,0.5531,Have you taken a look at the hourly graph on the weather channel? We like that option. {link}
804,0.6916,@mention Alright! Snow Patrol are great but getting samey. Try this! Listen: {link}
805,0.8651,"We got hot chocolate here at the Ridgeland baseball park. HOT WHAT! From a coast boy, this is some crappy cold weather for May."
806,0.8202,Mostly sunny and 80 degrees saturday. Perfect weather for #preakness
807,0.6931,"hello everyone; tut. tut, it looks like rain. Wish I could get two solid weeks of warm, sunny, breezy weather *sigh* #GroundhogDay"
808,0.5456,Ppl lookin like hot ghetto messes of tha week out here! Lmbooooo
809,0.7025,@mention get out of the house and enjoy the nice weather. So I was really upset. But my little cousins are over... so idk
810,0.4065,BLOG UPDATE: {link} What's the difference between a dust devil & dust storm? #azwx
811,0.6568,@mention DM me yur email so i can sesnd yu this new music from sunny red... 28day later mixtape... #BGN
812,0.6921,Going for a walk on the esplanade just because it's sunny out.
813,0.8191,"Mostly sunny this afternoon, high 84 (29 C).  Low  66 (19 C) tonight."
814,0.7973,"Partly Cloudy and 84 F at Stuart Powell Field Airport, KY The humidity is 40%.
The heat index is 83.
 Last Updated on M {link}"
815,0.7375,"Gardner WX 05/18/11 03:00 AM | 49F, 55&#x25; Humidity, Feels Like 49F | Alerts: NO CURRENT ADVISORIES | {link}"
816,0.3916,These kids have wore me out 4 the day.. #whew time to get naked its *HOT* LOL
817,0.4159,@mention @mention Tech Ops stated that the ticket is on hold until storm damage is repaired. No ETR yet.
818,0.4622,@mention Because the temperature is 61 Degrees :)
819,0.6403,RT @mention: Thunder storms &gt; Oklahoma City Thunder
820,0.7135,"We all know that rainy days can be stressful when your kids are stuck inside, desperate for activities to occupy... {link}"
821,0.7186,damn. already 62 degrees out! makes me very happy! :D bring on the heat!
822,0.4483,RT @mention: Just finished copy edit of A History of Ancient Britain. Emerged blinking into sunshine for first time in days. In boo ...
823,0.9815,It's still cold outside and my work hasn't called me :(
824,0.8590000000000001,"US National Weather Service Lower Mississippi River Forecast Center
The Vicksburg District of the US Army Corps of... {link}"
825,0.4434,@mention luv u honey let's chilly this weekend u me n chrissy
826,0.8725,@mention nope. Never got a chance to head out. Next time. Thanks for the recommendation. Wish weather was better down there
827,0.7251,@mention hangin out on corners hangin wit da fellers lookim out 4 hot chicks lol
828,0.3124,@mention not in sunny dover! haha
829,0.7137,Where'd the sunshine go ):
830,0.4673,"Well, those thunderstorms as I was doing yard work were nice."
831,0.5862,RT @mention: droppn The storm video tomorrow crazyy - Black Thoughts 2
832,0.4681,@mention You free tonight? Looks like the weather might be on our side.
833,0.3829,The weather better be right tonight!
834,0.8514,It's 66 baseball degrees at beautiful Baum Stadium.  Let's play two!!
835,0.3695,Riding out the storm: local housing still sluggish {link}
836,0.8964,Ughhhhhh its so damn hot outside
837,0.7586,#Childhoodmemories racing for a snow Coe after bball games at Germantown.
838,0.4391,#sunshine
839,0.7919,#WEATHER: 5:54 am C: 69.0F. Feels F. 29.54% Humidity. 13.8MPH South Wind.
840,0.6736,@mention smoke rollin out the window an ice cold beer sittin in the console :)
841,0.674,"You made a fool out of you, and boy, she's bringing you down. She made your heart melt, but you're cold to the core."
842,0.6087,Won a Storm award!! Oh yeah!
843,0.43799999999999994,What up sunshine
844,0.5213,I'm outside at 9 o'clock at night at its 75 degrees out. #fuckyeahsummer!!
845,0.3513,"Lmao! Yesssss, I miss him. =( RT @mention @mention member @mention slipped in the snow wen he was tryna dig my car out my lmao"
846,0.7396,Check out the line-up of the Main Stage ... hot off the presses! {link}
847,0.6685,Rainy weekend ahead...what will you be doing?~ Connie
848,0.3902,Ha! What did I tell you yesterday?! 60% chance of thunderstorms forecast tomorrow and storms forecast all week until Thursday! &gt;:D
849,0.6647,Miss the parents pool! RT @mention: Hanging at Inlaws pool and pool house for Mothers Day!! Sunny and 80 degrees! {link}
850,0.8188,Siesta Key Beach with my Dad. Its a beautiful hot sunny day.
851,0.6352,@mention Powerbomb the humidity as well please!
852,0.879,"GD: Light Rain and Windy and 54 F at Grand Island, Central Nebraska Regional Airport, NE Winds are from the North at 26 {link}"
853,0.4681,On my way to the Train... Storm comes at 5 my train leaves at 5:15 =O
854,0.4496,"@mention Fun Vata article! It's so windy here, everyonne's Vata is through the roof!"
855,0.9308,This weather forecast is depressing
856,0.4533,81 degrees & cloudy! I love the 81 but not the cloudy! !
857,0.6629999999999999,RT @mention: Why is it 80 degrees inside and outside? I need another blizzard.
858,0.5660000000000001,- this house is beyond cold..feels like imm layin inside a freezer..can we please turn OFF the A.C.. #freezing
859,0.6426,RT @mention: Its rockin at this maverick game. Dirk and durant are flat out cold on the basketball court.
860,0.8853,The weather gods have been listening. This is the weather I LOVE in #Portland
861,0.4541,staying up late to craft up a STORM!
862,0.5506,"It's a rainy, gloomy day here in Los Angeles but I still have sunscreen on! Why? Because everyday, rain or shine,... {link}"
863,0.7254,#WEATHER: 12:56 pm : 77.0F. Feels F. 29.88% Humidity. 3.5MPH Variable Wind.
864,0.8905,Clothes fail. Packing for London weather was a mistake #Manchester
865,0.3719,"Fund raiser at Boyd Ranch a success, although auction cut short due to windy wind."
866,0.5158,BTW!!!! Hannah Storm can get it.. I will FUCK Ms STorm
867,0.7493,@mention I've heard the weather is lovely up there!
868,0.6948,RT @mention: YO BRO #haveyouseenacouple -- Snow bunnies- iNTRuSHUNN FT East Coast E {link} via @mention
869,0.45,I dunno which asshole in the sky flunked out of weather school or whatever but I should not need a jacket in May
870,0.5331,Am I the only person who heard that loud thundering storm last night or was that just me?
871,0.7345,@mention Hannah Storm... that sounds like  a comic book character name...
872,0.3655,"@mention Lol, that's called spring weather."
873,0.7701,I earned the Six Degrees sticker on @mention! {link}
874,0.6806,@mention 's tomato plant is growing so nicely in the weather garden! #weathermanhasagreenthumb !  {link}
875,0.7814,"The weather forecast for this evening looks fabulous! Stop by tonight's LPYP ""Rock the Boat"" Party at Columbia Yac {link}"
876,0.4249,There's got to be a least 50 people still left at the old Overstock.com Coliseum. No Overstock on A's fans on rainy nights. #MLB
877,0.3206,Wishes I was cool enough to wear my uggs in 100 degree weather
878,0.7072,@mention have to kick off the warm weather by playing mini golf like kids :)
879,0.7075,Absolutely FREEZING after lunch. I need to warm up!
880,0.6894,"Severe Weather In Dallas Causes Flight Delays, Diversions In SA from KSAT - Local News {link}"
881,0.7267,@mention Fair enough. This weekend has million things going on. It's like everyone decided to celebrate the good weather this weekend.
882,0.6502,"#WeRockEachOthersWorlds @mention I am proud to be one of your Twitter BFF's, Frank! Hope you are having a #sunny day! *bright smile*"
883,0.4394,"73 and 87% humidity and it isn't even 6 a.m. This is Oklahoma's way of saying ""welcome home!"""
884,0.5903,Severe weather delays Players Championship - {link}
885,0.6452,@mention i hope!! i've been sick as a dog lately. fucking weather has me screwed up. :-(
886,0.5971,RT @mention: Remember to be safe around #utflood waters; they were snow not long ago. Very cold. {link}
887,0.4507,The weather better be decent in KC because I'm going through Tribe withdraw.
888,0.3252,"@mention u nvr told us how the interview in the ""pretty sunny park in nyc wit some BET friends"" went lol details plz -__-"
889,0.5981,"Saw the storm damage in La Crosse, as did the gov. A WWII vet shares his storm story @mention on NBC15. {link}"
890,0.9444,Today's weather would be #perfect for the Creek Fest!  Fingers crossed :-)
891,0.8221,@mention what!!? Camping is so much fun!! water & sunshine during the day...clear skies & stars @ night!
892,0.4605,Got chilly feet :( (I'm slyly tryna seem cute)
893,0.6772,Video: Blawan - Getting Me Down More summer vibes for rainy days {link}
894,0.6576,WX ALT: ...A SEVERE THUNDERSTORM WARNING REMAINS IN EFFECT UNTIL 145 AM EDT FOR SOUTH CENTRAL GASTON COUNTY IN THE... {link}
895,0.7239,"Not summer yet, its still chilly Willy out here."
896,0.5872,"@mention BTW, the guy who says the world is ending today has $7M in the bank. Because, you know, he's saving for a rainy day."
897,0.3964,Idk y she got all this COLD air blowing out on the baby like this....
898,0.3264,Argh. WHY does the guy behind me have his AC blowing straight at me on this bus?  Freezing!
899,0.3536,"HOT, HOT, and HOT this weekend with a chance of storms, Kendra's webcast is brand new and online now: {link} #fb"
900,0.5782,There ain't no sunshine when she's gone.
901,0.451,{link} Ukraine weather forecaster sparks political storm
902,0.3975,Ooooh I know its gone be 1671 degrees at that track meet friday and full of niggas
903,0.3801,Is it hot outside?
904,1.0,"Friday afternoon shopping, sunshine, margaritas, happiness!"
905,0.598,It's hot as fuck outside . If y'all going out put on extra deodorant
906,0.6453,@mention I think there is a hint of sunshine here... but I may have to send out for a latte. So cold my muscles have seized up!
907,0.2845,@mention we have it here in Blue Ash. We waited out the storm eating fabulous burgers at the Oakley Pub. :)
908,0.5803,So the storm is no joke back in greensboro
909,0.3064,"Local6: Mail Fail: When Deliveries Go Wrong: Through rain or shine, snow or sleet, the mail always gets delivere... {link}"
910,0.4067,A week from today is Solar SUNday at the Idaho Green Expo.  Let's hope it's sunny so you can be amazed at all of... {link}
911,0.6705,"{link} Montreal Weather Webcams st. Hubert street Plaza, Qc. Canada"
912,0.4848,you have been missed semi-perf running weather.
913,0.4965,It's always nice and sunny on mothers day but stays rainy on fathers day
914,0.7272,Severe Thunderstorm Warning for Kay and Noble County until 6:45pm. {link}
915,0.7816,Get the goodies! *SOLD OUT Mojo Moxy Poppys* {link} Follow & RT: Mojo Moxy shoes are HOT! #winhotshoes #contest
916,0.8779,#WEATHER:  5:54 am : 66.0F. Feels F. 29.97% Humidity. 0.0MPH North Wind.
917,0.6468,#United States #Wisconsin #Wisconsin Dells #The ButtesThe nation's weather - The Associated Press
918,0.63,New event. Severe Thunderstorm Warning from 5/25/2011 1:15 PM to 2:15 PM CDT for Christian Coun... Read more at {link}
919,0.3653,"RT @mention: Three things about my flight: I can lay down across 3 seats just fine, it was freezing & I got to see this.  {link} ..."
920,0.4953,VA drive carefully.  Hopefully the storm doesn't hit us too bad.  I'm good as long as the power stays on.
921,0.5657,Weather expectations/reality {link}
922,0.6104,Rhode Island: sunshine all beautiful _ MA : Dark n grey skies! Shits ugly!
923,0.733,Severe Thunderstorm Warning for Allen and Van Wert County in OH until 7:45pm EDT. #ohwx
924,0.8001,"Scattered thunderstorms this afternoon, high 62 (17 C).  Low  51 (11 C) tonight."
925,0.6546,national storm reports... here are the raw observations for the tornado reports today. {link}
926,0.64,":)) Dress weather again, yay."
927,0.7425,Flash #flood warning in effect for parts of Long island due to tstorm. #SNE #weather #NYC  {link}
928,0.5167,"@mention and a #happymonday 2 u too sweets. Im coolin, just at work tryin 2 stay warm. this bama weather is skidzo lol. what u doin?"
929,0.7774,@mention when I say uneducated I'm not referring to diplomas or degrees no worries
930,0.4645,"Every day that I think about washing my car, I turn on the weather and it's supposed to rain. Like legit, EVERY single time."
931,0.626,Really hoping the weather forecast for this weekend is a lie. Come on Blue Skies!!!
932,0.5591,Nothing like sirens going off in the area to add a sense of immediacy to the weather reports.  At least the worst has passed to the north.
933,0.5557,Post Edited: La Crosse Technology Weather Direct WD-3308U-WAL 4 Day Internet Powered Wireless Forecaster {link}
934,0.4702,Really hot outside
935,0.3556,Art In A Busy World: Sketching On Rainy Days. {link}
936,0.8213,New event. Severe Thunderstorm Warning from 5/19/2011 3:57 PM to 5:00 PM CDT for Woodward Count... Read more at {link}
937,0.7646,"Does it snow a lot in Idaho,Utah,Colorado and New Mexico in December? {link}"
938,0.7342,"RT @mention: Morning! Dry start to day, with some patchy fog. An isolated shower/storm possible later, but not as many as yesterday. ..."
939,0.4427,"Weather keeping you indoors today? Join us for worship this weekend! Saturday at 5:30 pm, Sunday at 8:00 or 10:45 am."
940,0.753,just informed my sister that canucks fans stole 'the green man' from its always sunny in philly...she was surprised. THE MORE YOU KNOW ---*
941,0.6463,"New: SatWeather  (Weather): SatWeather 1.0Device: iOS UniversalCategory: WeatherPrice: $.99, Version: 1.0 (iTunes) Description:
			Sa..."
942,0.6884,@mention So maybe your exemplary customer service from Google is tied into Hell freezing over? Hmm...
943,0.5779,It's bone chilling cold outside!!
944,0.7603,"False friends are like our shadow, keeping close to us while we walk in the sunshine, but leaving us the instant... {link}"
945,0.3748,The weather has been Forks-ish lately! #Twilight RT @mention: Edward Cullen is painting with @mention and I. {link}
946,0.8412,"I'll be at Shuckers - Wake Forest tonight, starting at 6:30! Fantastic weather for an evening on the patio!"
947,0.5904,"I don't mind stormy weather, but IT BETTER NOT make @#$* neighbor's car alarm go off all night like last night, or I'll...well, something."
948,0.4583,"Tags: Applicat, Blackberry Device, Book Flights, Clever Tools, Currency Converter, Day Weather Forecast, Device ... {link}"
949,0.8074,"RT @mention: severewarn: Severe Thunderstorm Warning for Benton, Mille Lacs, and Sherburne County in MN until 7:45pm CDT. #mnwx"
950,0.5045,yay it's gonna storm! c:
951,0.8824,"Dear perfect weather, thanks for the vest lunch hour of all time. (@ Lady Bird Lake Trail w/ 2 others) {link}"
952,0.8614,@mention yea dis weather trash
953,0.8374,Beautiful weather in Chi-town. Going to grab Pizanos with @mention per the rockin rec of @mention
954,0.561,#np snow money- bun b
955,0.6022,"@mention that was the effect I was hoping for haha, I hated that snow, I looked gorgeous that day bed head with old clothes on haha"
956,0.823,Another rainy day! Blah.
957,0.3138,"@mention HAPPY BIRTHDAY!!! You're planning on taking care of this whole rainy cloudy thing right? if not, i'll party in the rain with ya ;)"
958,0.6303,RT @mention: Ready to get on this flight back to slc. Later mammoth. Kinda bummed snow season is over not gonna lie
959,0.6718,WX ALT: ...A SEVERE THUNDERSTORM WARNING REMAINS IN EFFECT UNTIL 630 PM EDT FOR NORTHEASTERN PICKENS...NORTHWESTERN... {link}
960,0.5345,my children are not dressed for today's weather.  mommyskills -5
961,0.5807,Just played: 3-04 Pocketful Of Sunshine - unknown - unknown(unknown)
962,0.8595,The weather is beautiful. Even the birds are bumping. #mnisdope
963,0.5615,"it's all gone very quiet here at Wine HQ. Maybe everyone has gone home early to enjoy the sunshine?
Whats everyones plan this weekend then?"
964,0.4166,@mention  Thx - sounds like you've gone through some crazy weather...
965,0.4086,"Playing euchre in a windy, sunburnt outside tourney drinking yoohoo, wearing zebra print sunglasses break this poker face."
966,0.3901,You can plan for a change in the weather and time.
967,0.9034,Arsenal blows. Weather is amazing. Neighbor bumpin music into the courtyard. Some baby screaming. #sunday
968,0.6156,Shoutout to the sunshine this morning #EastSide #Tacoma
969,0.3466,@mention &lt;folks are out enjoying the nice weather. Rain back Friday for the next six days.lol:-(
970,0.7352,"@mention That's about what our temp is here, too!!  It was rather warm yesterday til storms - now it's so cold again!!  =/"
971,0.5363,"I don't care how FAIR-WEATHER the Atlanta fanbase is...I'm a LOYAL #FALCONS, #BRAVES, and #HAWKS fan... I don't believe in bandwagon jumping"
972,0.7766,RT @mention: Uqhhh it's sooooo hot outside ! #Texasweather
973,0.8312,Weather Alert: Flood Warning issued May 22 at 6:32PM MDT expiring May 23 at 9:32AM MDT by NWS Glasgow {link}... {link}
974,0.5218,"@mention Oh wow, you had hail? We just got dark clouds passing overhead in southern NH. Now it is sunny and windy."
975,0.7055,Friday evening. Weather? Beautiful. Last man standing at the office. Bitter? Nah. It only makes payday that much sweeter. Stay hungry.
976,0.4295,Perfect weather for a natural disaster. I thnk 2012 came early...
977,0.4952,Ahhh weather so hot!!!
978,0.8698,"I wish I had a girlfriend, this is perfect weather to get naked in."
979,0.3511,"Good dreary, rainy, foggy, drizzly, misty, stormy morning everyone."
980,0.6027,RT @mention: ...even the weather in OKC is #thunder[ing]up
981,0.8324,A'right despite feeling flu-ish im gonna go play some sand volleyball and enjoy the weather with my besties :) more voting l8r #teammusso
982,0.9501,In Rhode Island and it's a beautiful sunny day!
983,0.8767,#WEATHER: 8:52 pm C: 76.0F. Feels F. 29.76% Humidity. 17.3MPH Southeast Wind.
984,0.855,@mention nothing better then woman in warm weather #yeahiamthattype
985,0.6747,RT @mention: RT @mention RT @mention: @mention check out this hot shit ---&gt; (cont) {link}
986,0.5993,@mention it's cold outside
987,0.6968,Vintage Linen Lot  14 items Snowy White  great by ShandrasLinens {link} via @mention
988,0.8249,#WEATHER:  4:53 pm : 89.0F. Feels F. 29.72% Humidity. 21.9MPH South Wind.
989,0.7543,"RT @mention: RT @mention: BREAKING: Large, wedge tornado on the ground coming into Okla City LIVE on our weather blog {link} ..."
990,0.386,"RT @mention: Weather Chanel cameraman turns away from recovery of body live, after EF4 tornado slams Joplin Missouri. CNN, MSNBC : ..."
991,0.5915,"Guess another severe #Thunderstorm is heading toward #WV. :-/ 
#NoMoreRain"
992,0.6406,I wanna do something fun but I don't want to be caught out in the storm tonight so I think I'll just stay home lol
993,0.6709,"Prayers going out to Joplin, Missouri and everyone affected by all this crazy weather!"
994,0.5149,Calm After the Storm | RedGage {link}
995,0.8747,"good morning, it's sunny, pick up new car and then off to Wilton house near Salisbury i think"
996,0.7509,"Just saw Snow White working at Lady Foot Locker, she was looking hot, seriously, she was the fairest of the mall"
997,0.5128,RT @mention: Do NOT go out to move your car in a hail storm. Your car can be fixed. You might not be fixable. #preparenow
998,0.7472,Not outside but looking out the window at them. Its to hot to be bothered by the animals.
999,0.7345,RT @mention: Community Blood Center Media Blood drive Tues Noon-6 at Westridge Mall by Penneys lower level - Blood to help Joplin st ...
